datetime,event,delta_act_fc,delta_act_prev,post_pips,post_max_pips,post_min_pips,post_mean_pips,post_sum_pips
2019-01-03 16:15:00,ADP Nonfarm Employment Change  (Dec),271K vs 179K,271K vs 157K,27.600000000000957,46.200000000000685,0.0,3.9428571428569628,27.599999999998737
2019-01-03 16:30:00,Initial Jobless Claims,231K vs 220K,231K vs 221K,27.600000000000957,46.200000000000685,0.0,3.9428571428569628,27.599999999998737
2019-01-03 18:00:00,ISM Manufacturing PMI  (Dec),54.1 vs 57.7,54.1 vs 59.3,-0.1999999999990898,18.400000000000638,-9.799999999999809,-0.05000000000032756,-0.30000000000196536
2019-01-04 16:30:00,Nonfarm Payrolls  (Dec),312K vs 178K,312K vs 176K,40.79999999999862,64.19999999999871,-7.900000000000684,5.814285714285424,40.69999999999796
2019-01-04 16:30:00,Unemployment Rate  (Dec),3.9% vs 3.7%,3.9% vs 3.7%,40.79999999999862,64.19999999999871,-7.900000000000684,5.814285714285424,40.69999999999796
2019-01-07 18:00:00,ISM Non-Manufacturing PMI  (Dec),57.6 vs 59.6,57.6 vs 60.7,10.600000000000609,19.200000000001438,-4.899999999998794,1.8666666666666831,11.200000000000099
2019-01-08 18:00:00,JOLTS Job Openings  (Nov),6.888M vs 7.063M,6.888M vs 7.131M,-0.8999999999992347,17.300000000000093,-5.599999999998939,-0.11666666666669082,-0.700000000000145
2019-01-10 16:30:00,Initial Jobless Claims,216K vs 225K,216K vs 233K,-26.300000000001322,1.5999999999993797,-41.30000000000189,-3.8571428571427493,-26.999999999999247
2019-01-11 16:30:00,Core CPI (MoM)  (Dec),0.2% vs 0.2%,0.2% vs 0.2%,-4.20000000000087,15.999999999998238,-11.800000000001809,-0.6142857142856148,-4.299999999999304
2019-01-11 16:30:00,CPI (YoY)  (Dec),1.9% vs 1.9%,1.9% vs 2.2%,-4.20000000000087,15.999999999998238,-11.800000000001809,-0.6142857142856148,-4.299999999999304
2019-01-11 16:30:00,CPI (MoM)  (Dec),-0.1% vs -0.1%,-0.1% vs 0.0%,-4.20000000000087,15.999999999998238,-11.800000000001809,-0.6142857142856148,-4.299999999999304
2019-01-15 16:30:00,PPI (MoM)  (Dec),-0.2% vs -0.1%,-0.2% vs 0.1%,-41.89999999999916,0.8000000000008001,-72.09999999999938,-6.057142857142571,-42.399999999997995
2019-01-17 16:30:00,Initial Jobless Claims,213K vs 219K,213K vs 216K,1.100000000000545,13.300000000000534,-16.899999999999693,0.17142857142842566,1.1999999999989797
2019-01-24 16:30:00,Initial Jobless Claims,199K vs 219K,199K vs 212K,-75.60000000000011,2.9999999999996696,-88.40000000000181,-10.828571428571632,-75.80000000000142
2019-01-30 16:15:00,ADP Nonfarm Employment Change  (Jan),213K vs 180K,213K vs 263K,64.70000000000198,87.70000000000167,-2.4999999999986144,9.128571428572231,63.90000000000562
2019-01-31 16:30:00,Initial Jobless Claims,253K vs 215K,253K vs 200K,-30.29999999999866,12.199999999999989,-41.400000000000325,-4.385714285713834,-30.69999999999684
2019-02-01 16:30:00,Nonfarm Payrolls  (Jan),304K vs 165K,304K vs 222K,-21.299999999999653,12.400000000001299,-28.500000000000192,-3.1000000000003247,-21.700000000002273
2019-02-01 16:30:00,Unemployment Rate  (Jan),4.0% vs 3.9%,4.0% vs 3.9%,-21.299999999999653,12.400000000001299,-28.500000000000192,-3.1000000000003247,-21.700000000002273
2019-02-01 18:00:00,ISM Manufacturing PMI  (Jan),56.6 vs 54.2,56.6 vs 54.3,-13.900000000000023,19.800000000000928,-15.899999999999803,-2.366666666666998,-14.200000000001989
2019-02-05 18:00:00,ISM Non-Manufacturing PMI  (Jan),56.7 vs 57.2,56.7 vs 58.0,-1.1999999999989797,10.499999999999954,-5.5000000000005045,-0.24999999999978745,-1.4999999999987246
2019-02-07 16:30:00,Initial Jobless Claims,234K vs 221K,234K vs 253K,-7.500000000000284,13.499999999999623,-10.299999999998644,-1.1142857142857185,-7.800000000000029
2019-02-12 18:00:00,JOLTS Job Openings  (Dec),7.335M vs 6.900M,7.335M vs 7.166M,26.49999999999819,40.99999999999993,-0.20000000000131024,4.349999999999262,26.09999999999557
2019-02-13 16:30:00,Core CPI (MoM)  (Jan),0.2% vs 0.2%,0.2% vs 0.2%,-38.000000000000256,5.599999999998939,-38.10000000000091,-5.471428571428254,-38.29999999999778
2019-02-13 16:30:00,CPI (MoM)  (Jan),0.0% vs 0.1%,0.0% vs -0.1%,-38.000000000000256,5.599999999998939,-38.10000000000091,-5.471428571428254,-38.29999999999778
2019-02-13 16:30:00,CPI (YoY)  (Jan),1.6% vs 1.5%,1.6% vs 1.9%,-38.000000000000256,5.599999999998939,-38.10000000000091,-5.471428571428254,-38.29999999999778
2019-02-14 16:30:00,Core Retail Sales (MoM)  (Dec),-1.8% vs 0.0%,-1.8% vs 0.2%,-1.2000000000012,6.899999999998574,-31.30000000000077,-0.18571428571423354,-1.2999999999996348
2019-02-14 16:30:00,Initial Jobless Claims,239K vs 225K,239K vs 235K,-1.2000000000012,6.899999999998574,-31.30000000000077,-0.18571428571423354,-1.2999999999996348
2019-02-14 16:30:00,PPI (MoM)  (Jan),-0.1% vs 0.1%,-0.1% vs -0.1%,-1.2000000000012,6.899999999998574,-31.30000000000077,-0.18571428571423354,-1.2999999999996348
2019-02-14 16:30:00,Retail Sales (MoM)  (Dec),-1.2% vs 0.1%,-1.2% vs 0.1%,-1.2000000000012,6.899999999998574,-31.30000000000077,-0.18571428571423354,-1.2999999999996348
2019-02-21 16:30:00,Initial Jobless Claims,216K vs 220K,216K vs 239K,-9.600000000000719,9.099999999999664,-20.000000000000018,-1.385714285714482,-9.700000000001374
2019-02-28 16:30:00,GDP (QoQ)  (Q4),2.6% vs 2.6%,2.6% vs 3.4%,-12.799999999999478,12.799999999999478,-23.699999999999832,-1.8857142857139513,-13.199999999997658
2019-02-28 16:30:00,Initial Jobless Claims,225K vs 221K,225K vs 217K,-12.799999999999478,12.799999999999478,-23.699999999999832,-1.8857142857139513,-13.199999999997658
2019-03-01 16:30:00,Core PCE Price Index (YoY)  (Dec),1.9% vs 1.9%,1.9% vs 1.9%,-32.90000000000015,12.299999999998423,-41.80000000000072,-4.7000000000000215,-32.90000000000015
2019-03-01 16:30:00,Core PCE Price Index (MoM)  (Dec),0.2% vs 0.2%,0.2% vs 0.2%,-32.90000000000015,12.299999999998423,-41.80000000000072,-4.7000000000000215,-32.90000000000015
2019-03-01 18:00:00,ISM Manufacturing PMI  (Feb),54.2 vs 55.5,54.2 vs 56.6,-22.899999999999032,2.20000000000109,-31.799999999999606,-3.8333333333332815,-22.999999999999687
2019-03-05 18:00:00,ISM Non-Manufacturing PMI  (Feb),59.7 vs 57.3,59.7 vs 56.7,0.8999999999992347,3.9999999999995595,-16.900000000001913,0.09999999999991496,0.5999999999994898
2019-03-06 16:15:00,ADP Nonfarm Employment Change  (Feb),183K vs 189K,183K vs 300K,-3.8000000000004697,14.600000000000168,-5.599999999998939,-0.5571428571430178,-3.900000000001125
2019-03-07 16:30:00,Initial Jobless Claims,223K vs 225K,223K vs 226K,-39.9000000000016,10.299999999998644,-56.400000000000894,-5.728571428571527,-40.10000000000069
2019-03-08 16:30:00,Nonfarm Payrolls  (Feb),20K vs 181K,20K vs 311K,5.20000000000076,20.200000000001328,-0.4999999999988347,0.6714285714285293,4.699999999999704
2019-03-08 16:30:00,Unemployment Rate  (Feb),3.8% vs 3.9%,3.8% vs 4.0%,5.20000000000076,20.200000000001328,-0.4999999999988347,0.6714285714285293,4.699999999999704
2019-03-11 15:30:00,Core Retail Sales (MoM)  (Jan),0.9% vs 0.4%,0.9% vs -2.1%,1.40000000000029,2.8999999999990145,-25.700000000001832,0.16249999999995435,1.2999999999996348
2019-03-11 15:30:00,Retail Sales (MoM)  (Jan),0.2% vs 0.0%,0.2% vs -1.6%,1.40000000000029,2.8999999999990145,-25.700000000001832,0.16249999999995435,1.2999999999996348
2019-03-12 15:30:00,Core CPI (MoM)  (Feb),0.1% vs 0.2%,0.1% vs 0.2%,8.399999999999519,25.299999999999212,-12.600000000000389,0.9625000000001993,7.7000000000015945
2019-03-12 15:30:00,CPI (MoM)  (Feb),0.2% vs 0.2%,0.2% vs 0.0%,8.399999999999519,25.299999999999212,-12.600000000000389,0.9625000000001993,7.7000000000015945
2019-03-12 15:30:00,CPI (YoY)  (Feb),1.5% vs 1.6%,1.5% vs 1.6%,8.399999999999519,25.299999999999212,-12.600000000000389,0.9625000000001993,7.7000000000015945
2019-03-13 15:30:00,PPI (MoM)  (Feb),0.1% vs 0.2%,0.1% vs -0.1%,22.999999999999687,31.09999999999946,-7.500000000000284,3.012500000000029,24.100000000000232
2019-03-14 15:30:00,Initial Jobless Claims,229K vs 225K,229K vs 223K,4.3999999999999595,9.600000000000719,-5.5000000000005045,0.6874999999997855,5.499999999998284
2019-03-15 17:00:00,JOLTS Job Openings  (Jan),7.581M vs 7.310M,7.581M vs 7.479M,-11.399999999999189,5.399999999999849,-21.100000000000563,-1.883333333333089,-11.299999999998533
2019-03-21 15:30:00,Initial Jobless Claims,221K vs 226K,221K vs 230K,-18.599999999999728,0.0,-49.399999999999444,-2.262499999999834,-18.099999999998673
2019-03-28 15:30:00,GDP (QoQ)  (Q4),2.2% vs 2.4%,2.2% vs 2.6%,8.80000000000214,21.300000000001873,-1.8999999999991246,1.1875000000002855,9.500000000002284
2019-03-28 15:30:00,Initial Jobless Claims,211K vs 220K,211K vs 216K,8.80000000000214,21.300000000001873,-1.8999999999991246,1.1875000000002855,9.500000000002284
2019-03-29 15:30:00,Core PCE Price Index (YoY)  (Jan),1.8% vs 1.9%,1.8% vs 2.0%,-17.000000000000348,6.699999999999484,-21.800000000000708,-2.3999999999998627,-16.799999999999038
2019-03-29 15:30:00,Core PCE Price Index (MoM)  (Jan),0.1% vs 0.2%,0.1% vs 0.2%,-17.000000000000348,6.699999999999484,-21.800000000000708,-2.3999999999998627,-16.799999999999038
2019-04-01 15:30:00,Core Retail Sales (MoM)  (Feb),-0.4% vs 0.4%,-0.4% vs 1.4%,-32.90000000000015,0.0,-36.599999999999966,-4.0999999999999375,-32.7999999999995
2019-04-01 15:30:00,Retail Sales (MoM)  (Feb),-0.2% vs 0.3%,-0.2% vs 0.7%,-32.90000000000015,0.0,-36.599999999999966,-4.0999999999999375,-32.7999999999995
2019-04-01 17:00:00,ISM Manufacturing PMI  (Mar),55.3 vs 54.5,55.3 vs 54.2,-18.400000000000638,3.20000000000098,-22.100000000000453,-2.571428571428606,-18.000000000000238
2019-04-03 15:15:00,ADP Nonfarm Employment Change  (Mar),129K vs 184K,129K vs 197K,3.6999999999998145,16.300000000000203,-7.800000000000029,0.47499999999978115,3.7999999999982492
2019-04-03 17:00:00,ISM Non-Manufacturing PMI  (Mar),56.1 vs 58.1,56.1 vs 59.7,6.900000000000794,19.500000000001183,-1.2999999999996348,0.9999999999998899,6.999999999999229
2019-04-04 15:30:00,Initial Jobless Claims,202K vs 216K,202K vs 212K,6.900000000000794,13.099999999999223,-3.8999999999989043,0.8125000000000493,6.500000000000394
2019-04-05 15:30:00,Nonfarm Payrolls  (Mar),196K vs 175K,196K vs 33K,-11.299999999998533,8.00000000000134,-15.600000000000058,-1.6142857142855047,-11.299999999998533
2019-04-05 15:30:00,Unemployment Rate  (Mar),3.8% vs 3.8%,3.8% vs 3.8%,-11.299999999998533,8.00000000000134,-15.600000000000058,-1.6142857142855047,-11.299999999998533
2019-04-09 17:00:00,JOLTS Job Openings  (Feb),7.087M vs 7.550M,7.087M vs 7.625M,-8.599999999998609,7.600000000000939,-11.699999999998933,-1.271428571428019,-8.899999999996133
2019-04-10 15:30:00,Core CPI (MoM)  (Mar),0.1% vs 0.2%,0.1% vs 0.1%,33.499999999999645,37.0999999999988,-1.100000000000545,4.237500000000005,33.90000000000004
2019-04-10 15:30:00,CPI (MoM)  (Mar),0.4% vs 0.3%,0.4% vs 0.2%,33.499999999999645,37.0999999999988,-1.100000000000545,4.237500000000005,33.90000000000004
2019-04-10 15:30:00,CPI (YoY)  (Mar),1.9% vs 1.8%,1.9% vs 1.5%,33.499999999999645,37.0999999999988,-1.100000000000545,4.237500000000005,33.90000000000004
2019-04-11 15:30:00,Initial Jobless Claims,196K vs 211K,196K vs 204K,-14.300000000000423,5.1000000000001044,-21.299999999999653,-1.7875000000003305,-14.300000000002644
2019-04-11 15:30:00,PPI (MoM)  (Mar),0.6% vs 0.3%,0.6% vs 0.1%,-14.300000000000423,5.1000000000001044,-21.299999999999653,-1.7875000000003305,-14.300000000002644
2019-04-18 15:30:00,Core Retail Sales (MoM)  (Mar),1.2% vs 0.7%,1.2% vs -0.2%,-18.199999999999328,1.3000000000018552,-23.399999999997867,-2.500000000000002,-20.000000000000018
2019-04-18 15:30:00,Initial Jobless Claims,192K vs 205K,192K vs 197K,-18.199999999999328,1.3000000000018552,-23.399999999997867,-2.500000000000002,-20.000000000000018
2019-04-18 15:30:00,Retail Sales (MoM)  (Mar),1.6% vs 0.9%,1.6% vs -0.2%,-18.199999999999328,1.3000000000018552,-23.399999999997867,-2.500000000000002,-20.000000000000018
2019-04-25 15:30:00,Initial Jobless Claims,230K vs 199K,230K vs 193K,-7.500000000000284,12.799999999999478,-14.800000000001479,-0.5625000000003544,-4.500000000002835
2019-04-26 15:30:00,GDP (QoQ)  (Q1),3.2% vs 2.0%,3.2% vs 2.2%,-11.000000000001009,20.000000000000018,-15.100000000001224,-1.5428571428574172,-10.80000000000192
2019-04-29 15:30:00,Core PCE Price Index (MoM)  (Feb),0.1% vs 0.2%,0.1% vs 0.1%,32.300000000000665,36.300000000000225,-1.8999999999991246,4.0125000000001965,32.10000000000157
2019-04-29 15:30:00,Core PCE Price Index (YoY)  (Mar),1.6% vs 1.7%,1.6% vs 1.7%,32.300000000000665,36.300000000000225,-1.8999999999991246,4.0125000000001965,32.10000000000157
2019-04-29 15:30:00,Core PCE Price Index (MoM)  (Mar),0.0% vs 0.1%,0.0% vs 0.1%,32.300000000000665,36.300000000000225,-1.8999999999991246,4.0125000000001965,32.10000000000157
2019-04-29 15:30:00,Core PCE Price Index (YoY)  (Feb),1.6% vs 1.7%,1.6% vs 1.8%,32.300000000000665,36.300000000000225,-1.8999999999991246,4.0125000000001965,32.10000000000157
2019-05-01 15:15:00,ADP Nonfarm Employment Change  (Apr),275K vs 181K,275K vs 151K,-29.200000000000337,36.599999999999966,-41.10000000000058,-3.6875000000002878,-29.500000000002302
2019-05-01 17:00:00,ISM Manufacturing PMI  (Apr),52.8 vs 55.0,52.8 vs 55.3,-41.400000000000325,24.399999999999977,-53.300000000000566,-5.928571428571569,-41.50000000000098
2019-05-02 15:30:00,Initial Jobless Claims,230K vs 220K,230K vs 230K,-13.400000000001189,2.6999999999999247,-14.600000000000168,-1.7875000000003305,-14.300000000002644
2019-05-03 15:30:00,Nonfarm Payrolls  (Apr),263K vs 181K,263K vs 189K,29.799999999999827,33.8000000000016,-0.1999999999990898,4.1999999999999185,29.399999999999427
2019-05-03 15:30:00,Unemployment Rate  (Apr),3.6% vs 3.8%,3.6% vs 3.8%,29.799999999999827,33.8000000000016,-0.1999999999990898,4.1999999999999185,29.399999999999427
2019-05-03 17:00:00,ISM Non-Manufacturing PMI  (Apr),55.5 vs 57.2,55.5 vs 56.1,13.599999999998058,17.599999999999838,-3.8000000000004697,2.2166666666663857,13.299999999998313
2019-05-07 17:00:00,JOLTS Job Openings  (Mar),7.488M vs 7.350M,7.488M vs 7.142M,5.800000000000249,7.099999999999884,-21.100000000000563,0.9857142857143992,6.900000000000794
2019-05-09 15:30:00,Initial Jobless Claims,228K vs 215K,228K vs 230K,-16.899999999999693,15.899999999999803,-25.100000000000122,-1.9124999999997616,-15.299999999998093
2019-05-09 15:30:00,PPI (MoM)  (Apr),0.2% vs 0.2%,0.2% vs 0.6%,-16.899999999999693,15.899999999999803,-25.100000000000122,-1.9124999999997616,-15.299999999998093
2019-05-10 15:30:00,Core CPI (MoM)  (Apr),0.1% vs 0.2%,0.1% vs 0.1%,-12.400000000001299,8.299999999998864,-17.500000000001403,-1.757142857142949,-12.300000000000644
2019-05-10 15:30:00,CPI (MoM)  (Apr),0.3% vs 0.4%,0.3% vs 0.4%,-12.400000000001299,8.299999999998864,-17.500000000001403,-1.757142857142949,-12.300000000000644
2019-05-10 15:30:00,CPI (YoY)  (Apr),2.0% vs 2.1%,2.0% vs 1.9%,-12.400000000001299,8.299999999998864,-17.500000000001403,-1.757142857142949,-12.300000000000644
2019-05-15 15:30:00,Core Retail Sales (MoM)  (Apr),0.1% vs 0.7%,0.1% vs 1.3%,19.000000000000128,38.899999999999494,-3.4000000000000696,2.3749999999997384,18.999999999997907
2019-05-15 15:30:00,Retail Sales (MoM)  (Apr),-0.2% vs 0.2%,-0.2% vs 1.7%,19.000000000000128,38.899999999999494,-3.4000000000000696,2.3749999999997384,18.999999999997907
2019-05-16 15:30:00,Initial Jobless Claims,212K vs 220K,212K vs 228K,-13.200000000002099,1.1999999999989797,-19.900000000001583,-1.65000000000054,-13.20000000000432
2019-05-23 15:30:00,Initial Jobless Claims,211K vs 215K,211K vs 212K,49.9000000000005,54.3999999999989,-0.10000000000065512,6.1750000000002085,49.40000000000167
2019-05-30 15:30:00,GDP (QoQ)  (Q1),3.1% vs 3.1%,3.1% vs 2.2%,5.599999999998939,16.199999999999548,-4.699999999999704,0.7375000000001131,5.9000000000009045
2019-05-30 15:30:00,Initial Jobless Claims,215K vs 216K,215K vs 212K,5.599999999998939,16.199999999999548,-4.699999999999704,0.7375000000001131,5.9000000000009045
2019-05-31 15:30:00,Core PCE Price Index (MoM)  (Apr),0.2% vs 0.2%,0.2% vs 0.1%,9.200000000000319,21.099999999998342,-21.900000000001363,1.2857142857147785,9.00000000000345
2019-05-31 15:30:00,Core PCE Price Index (YoY)  (Apr),1.6% vs 1.6%,1.6% vs 1.5%,9.200000000000319,21.099999999998342,-21.900000000001363,1.2857142857147785,9.00000000000345
2019-06-03 17:00:00,ISM Manufacturing PMI  (May),52.1 vs 53.0,52.1 vs 52.8,42.69999999999996,60.40000000000045,-2.4000000000001798,6.08571428571482,42.600000000003746
2019-06-05 15:15:00,ADP Nonfarm Employment Change  (May),27K vs 180K,27K vs 271K,-47.09999999999992,0.2999999999997449,-53.69999999999875,-5.862500000000104,-46.90000000000083
2019-06-05 17:00:00,ISM Non-Manufacturing PMI  (May),56.9 vs 55.5,56.9 vs 55.5,-35.400000000000986,1.1999999999989797,-41.999999999999815,-5.0285714285717,-35.20000000000189
2019-06-06 15:30:00,Initial Jobless Claims,218K vs 215K,218K vs 218K,21.999999999999797,45.59999999999897,-0.10000000000065512,2.774999999999861,22.199999999998887
2019-06-07 15:30:00,Nonfarm Payrolls  (May),75K vs 185K,75K vs 224K,14.300000000000423,28.600000000000847,-3.1999999999987594,2.0142857142855877,14.099999999999113
2019-06-07 15:30:00,Unemployment Rate  (May),3.6% vs 3.6%,3.6% vs 3.6%,14.300000000000423,28.600000000000847,-3.1999999999987594,2.0142857142855877,14.099999999999113
2019-06-10 17:00:00,JOLTS Job Openings  (Apr),7.449M vs 7.479M,7.449M vs 7.474M,-3.20000000000098,8.099999999999774,-7.7000000000015945,-0.45714285714299707,-3.20000000000098
2019-06-11 15:30:00,PPI (MoM)  (May),0.1% vs 0.1%,0.1% vs 0.2%,12.199999999999989,22.499999999998632,-6.099999999999994,1.6125000000005718,12.900000000004574
2019-06-12 15:30:00,Core CPI (MoM)  (May),0.1% vs 0.2%,0.1% vs 0.1%,-23.800000000000487,10.699999999999044,-32.70000000000106,-2.9374999999998153,-23.499999999998522
2019-06-12 15:30:00,CPI (MoM)  (May),0.1% vs 0.1%,0.1% vs 0.3%,-23.800000000000487,10.699999999999044,-32.70000000000106,-2.9374999999998153,-23.499999999998522
2019-06-12 15:30:00,CPI (YoY)  (May),1.8% vs 1.9%,1.8% vs 2.0%,-23.800000000000487,10.699999999999044,-32.70000000000106,-2.9374999999998153,-23.499999999998522
2019-06-13 15:30:00,Initial Jobless Claims,222K vs 216K,222K vs 219K,5.1000000000001044,12.799999999999478,-3.8000000000004697,0.5874999999996855,4.699999999997484
2019-06-14 15:30:00,Core Retail Sales (MoM)  (May),0.5% vs 0.5%,0.5% vs 0.5%,-36.300000000000225,4.499999999998394,-38.90000000000171,-5.228571428571424,-36.599999999999966
2019-06-14 15:30:00,Retail Sales (MoM)  (May),0.5% vs 0.7%,0.5% vs 0.3%,-36.300000000000225,4.499999999998394,-38.90000000000171,-5.228571428571424,-36.599999999999966
2019-06-20 15:30:00,Initial Jobless Claims,216K vs 220K,216K vs 222K,-2.900000000001235,11.699999999998933,-25.299999999999212,-0.3749999999999587,-2.9999999999996696
2019-06-27 15:30:00,GDP (QoQ)  (Q1),3.1% vs 3.1%,3.1% vs 3.1%,9.900000000000464,16.199999999999548,-1.2000000000012,1.237500000000058,9.900000000000464
2019-06-27 15:30:00,Initial Jobless Claims,227K vs 220K,227K vs 217K,9.900000000000464,16.199999999999548,-1.2000000000012,1.237500000000058,9.900000000000464
2019-06-28 15:30:00,Core PCE Price Index (MoM)  (May),0.2% vs 0.2%,0.2% vs 0.2%,-14.499999999999513,9.699999999999154,-32.00000000000092,-1.9714285714284814,-13.799999999999368
2019-06-28 15:30:00,Core PCE Price Index (YoY)  (May),1.6% vs 1.6%,1.6% vs 1.6%,-14.499999999999513,9.699999999999154,-32.00000000000092,-1.9714285714284814,-13.799999999999368
2019-07-01 17:00:00,ISM Manufacturing PMI  (Jun),51.7 vs 51.0,51.7 vs 52.1,-36.70000000000062,0.8999999999992347,-43.199999999998795,-5.242857142857231,-36.70000000000062
2019-07-03 15:15:00,ADP Nonfarm Employment Change  (Jun),102K vs 140K,102K vs 41K,-11.100000000001664,21.499999999998742,-19.000000000000128,-1.3999999999997348,-11.199999999997878
2019-07-03 15:30:00,Initial Jobless Claims,221K vs 220K,221K vs 229K,-11.100000000001664,21.499999999998742,-19.000000000000128,-1.3999999999997348,-11.199999999997878
2019-07-03 17:00:00,ISM Non-Manufacturing PMI  (Jun),55.1 vs 56.1,55.1 vs 56.9,-1.100000000000545,3.8000000000004697,-8.999999999999009,-0.18571428571391635,-1.2999999999974143
2019-07-05 15:30:00,Nonfarm Payrolls  (Jun),224K vs 160K,224K vs 72K,4.199999999998649,8.899999999998354,-12.000000000000899,0.6142857142856148,4.299999999999304
2019-07-05 15:30:00,Unemployment Rate  (Jun),3.7% vs 3.6%,3.7% vs 3.6%,4.199999999998649,8.899999999998354,-12.000000000000899,0.6142857142856148,4.299999999999304
2019-07-09 17:00:00,JOLTS Job Openings  (May),7.323M vs 7.470M,7.323M vs 7.372M,2.2999999999995246,8.099999999999774,-6.00000000000156,0.3714285714284671,2.5999999999992696
2019-07-11 15:30:00,Core CPI (MoM)  (Jun),0.3% vs 0.2%,0.3% vs 0.1%,-3.9999999999995595,5.5000000000005045,-11.900000000000244,-0.5874999999996855,-4.699999999997484
2019-07-11 15:30:00,CPI (YoY)  (Jun),1.6% vs 1.6%,1.6% vs 1.8%,-3.9999999999995595,5.5000000000005045,-11.900000000000244,-0.5874999999996855,-4.699999999997484
2019-07-11 15:30:00,CPI (MoM)  (Jun),0.1% vs 0.0%,0.1% vs 0.1%,-3.9999999999995595,5.5000000000005045,-11.900000000000244,-0.5874999999996855,-4.699999999997484
2019-07-11 15:30:00,Initial Jobless Claims,209K vs 220K,209K vs 222K,-3.9999999999995595,5.5000000000005045,-11.900000000000244,-0.5874999999996855,-4.699999999997484
2019-07-12 15:30:00,PPI (MoM)  (Jun),0.1% vs 0.1%,0.1% vs 0.1%,21.200000000001218,25.299999999999212,-4.699999999999704,2.971428571429006,20.80000000000304
2019-07-16 15:30:00,Core Retail Sales (MoM)  (Jun),0.4% vs 0.1%,0.4% vs 0.4%,-8.60000000000083,6.099999999999994,-16.40000000000086,-1.0125000000002493,-8.100000000001994
2019-07-16 15:30:00,Retail Sales (MoM)  (Jun),0.4% vs 0.1%,0.4% vs 0.4%,-8.60000000000083,6.099999999999994,-16.40000000000086,-1.0125000000002493,-8.100000000001994
2019-07-18 15:30:00,Initial Jobless Claims,216K vs 216K,216K vs 208K,60.40000000000045,63.59999999999921,-3.5999999999991594,7.512500000000088,60.100000000000705
2019-07-25 15:30:00,Initial Jobless Claims,206K vs 220K,206K vs 216K,-33.40000000000121,6.800000000000139,-54.60000000000021,-4.1125000000000185,-32.90000000000015
2019-07-26 15:30:00,GDP (QoQ)  (Q2),2.1% vs 1.8%,2.1% vs 3.1%,-5.999999999999339,5.9000000000009045,-18.700000000000383,-0.8571428571424455,-5.999999999997119
2019-07-30 15:30:00,Core PCE Price Index (YoY)  (Jun),1.6% vs 1.7%,1.6% vs 1.5%,5.20000000000076,11.300000000000754,-11.799999999999589,0.6625000000001768,5.300000000001415
2019-07-30 15:30:00,Core PCE Price Index (MoM)  (Jun),0.2% vs 0.2%,0.2% vs 0.2%,5.20000000000076,11.300000000000754,-11.799999999999589,0.6625000000001768,5.300000000001415
2019-07-31 15:15:00,ADP Nonfarm Employment Change  (Jul),156K vs 150K,156K vs 112K,-71.90000000000029,0.2999999999997449,-81.59999999999945,-9.087500000000137,-72.7000000000011
2019-08-01 15:30:00,Initial Jobless Claims,215K vs 214K,215K vs 207K,39.5000000000012,52.60000000000042,0.0,4.937500000000428,39.500000000003425
2019-08-01 17:00:00,ISM Manufacturing PMI  (Jul),51.2 vs 52.0,51.2 vs 51.7,24.900000000001032,38.000000000000256,-1.7000000000000348,3.5571428571433215,24.900000000003253
2019-08-02 15:30:00,Nonfarm Payrolls  (Jul),164K vs 164K,164K vs 193K,5.300000000001415,16.00000000000046,-4.699999999999704,0.7571428571430592,5.300000000001415
2019-08-02 15:30:00,Unemployment Rate  (Jul),3.7% vs 3.7%,3.7% vs 3.7%,5.300000000001415,16.00000000000046,-4.699999999999704,0.7571428571430592,5.300000000001415
2019-08-05 17:00:00,ISM Non-Manufacturing PMI  (Jul),53.7 vs 55.5,53.7 vs 55.1,28.500000000000192,29.300000000000992,-5.699999999999594,4.042857142857618,28.300000000003322
2019-08-06 17:00:00,JOLTS Job Openings  (Jun),7.348M vs 7.450M,7.348M vs 7.384M,19.299999999999873,24.199999999998667,0.0,2.7857142857141373,19.499999999998963
2019-08-08 15:30:00,Initial Jobless Claims,209K vs 215K,209K vs 217K,-3.5000000000007248,35.49999999999942,-19.899999999999363,-0.3875000000000406,-3.1000000000003247
2019-08-09 15:30:00,PPI (MoM)  (Jul),0.2% vs 0.2%,0.2% vs 0.1%,4.00000000000178,30.000000000001137,-4.799999999998139,0.5857142857146336,4.100000000002435
2019-08-13 15:30:00,Core CPI (MoM)  (Jul),0.3% vs 0.2%,0.3% vs 0.3%,-12.199999999999989,14.699999999998603,-14.600000000000168,-1.5124999999999167,-12.099999999999334
2019-08-13 15:30:00,CPI (YoY)  (Jul),1.8% vs 1.7%,1.8% vs 1.6%,-12.199999999999989,14.699999999998603,-14.600000000000168,-1.5124999999999167,-12.099999999999334
2019-08-13 15:30:00,CPI (MoM)  (Jul),0.3% vs 0.3%,0.3% vs 0.1%,-12.199999999999989,14.699999999998603,-14.600000000000168,-1.5124999999999167,-12.099999999999334
2019-08-15 15:30:00,Core Retail Sales (MoM)  (Jul),1.0% vs 0.4%,1.0% vs 0.3%,-7.099999999999884,6.599999999998829,-20.900000000001473,-0.8749999999999036,-6.999999999999229
2019-08-15 15:30:00,Initial Jobless Claims,220K vs 214K,220K vs 211K,-7.099999999999884,6.599999999998829,-20.900000000001473,-0.8749999999999036,-6.999999999999229
2019-08-15 15:30:00,Retail Sales (MoM)  (Jul),0.7% vs 0.3%,0.7% vs 0.3%,-7.099999999999884,6.599999999998829,-20.900000000001473,-0.8749999999999036,-6.999999999999229
2019-08-22 15:30:00,Initial Jobless Claims,209K vs 216K,209K vs 221K,-15.400000000000968,0.1999999999990898,-28.099999999999792,-1.9125000000003167,-15.300000000002534
2019-08-29 15:30:00,GDP (QoQ)  (Q2),2.0% vs 2.0%,2.0% vs 2.1%,-5.199999999998539,29.90000000000048,-21.199999999998997,-0.6125000000001268,-4.900000000001015
2019-08-29 15:30:00,Initial Jobless Claims,215K vs 215K,215K vs 211K,-5.199999999998539,29.90000000000048,-21.199999999998997,-0.6125000000001268,-4.900000000001015
2019-08-30 15:30:00,Core PCE Price Index (MoM)  (Jul),0.2% vs 0.3%,0.2% vs 0.2%,-56.30000000000024,5.20000000000076,-81.10000000000062,-8.042857142857176,-56.30000000000024
2019-08-30 15:30:00,Core PCE Price Index (YoY)  (Jul),1.6% vs 1.6%,1.6% vs 1.6%,-56.30000000000024,5.20000000000076,-81.10000000000062,-8.042857142857176,-56.30000000000024
2019-09-03 17:00:00,ISM Manufacturing PMI  (Aug),49.1 vs 51.1,49.1 vs 51.2,12.199999999999989,18.699999999998163,-0.9999999999998899,1.7142857142858428,12.000000000000899
2019-09-05 15:15:00,ADP Nonfarm Employment Change  (Aug),195K vs 148K,195K vs 142K,-46.599999999998865,0.0,-49.399999999999444,-5.812499999999776,-46.49999999999821
2019-09-05 15:30:00,Initial Jobless Claims,217K vs 215K,217K vs 216K,-46.599999999998865,0.0,-49.399999999999444,-5.812499999999776,-46.49999999999821
2019-09-05 17:00:00,ISM Non-Manufacturing PMI  (Aug),56.4 vs 54.0,56.4 vs 53.7,-8.099999999999774,8.399999999999519,-10.900000000000354,-1.1142857142857185,-7.800000000000029
2019-09-06 15:30:00,Nonfarm Payrolls  (Aug),130K vs 160K,130K vs 159K,-25.299999999999212,3.1000000000003247,-26.299999999999102,-3.5714285714281777,-24.999999999997247
2019-09-06 15:30:00,Unemployment Rate  (Aug),3.7% vs 3.7%,3.7% vs 3.7%,-25.299999999999212,3.1000000000003247,-26.299999999999102,-3.5714285714281777,-24.999999999997247
2019-09-10 17:00:00,JOLTS Job Openings  (Jul),7.217M vs 7.311M,7.217M vs 7.248M,6.999999999999229,10.399999999999299,-5.399999999999849,1.0428571428569964,7.299999999998974
2019-09-11 15:30:00,PPI (MoM)  (Aug),0.1% vs 0.1%,0.1% vs 0.2%,13.900000000000023,19.000000000000128,-9.799999999999809,1.7999999999995797,14.399999999996638
2019-09-12 15:30:00,Core CPI (MoM)  (Aug),0.3% vs 0.2%,0.3% vs 0.3%,28.099999999999792,52.00000000000094,-8.999999999999009,3.512499999999974,28.099999999999792
2019-09-12 15:30:00,CPI (YoY)  (Aug),1.7% vs 1.8%,1.7% vs 1.8%,28.099999999999792,52.00000000000094,-8.999999999999009,3.512499999999974,28.099999999999792
2019-09-12 15:30:00,CPI (MoM)  (Aug),0.1% vs 0.1%,0.1% vs 0.3%,28.099999999999792,52.00000000000094,-8.999999999999009,3.512499999999974,28.099999999999792
2019-09-12 15:30:00,Initial Jobless Claims,204K vs 215K,204K vs 219K,28.099999999999792,52.00000000000094,-8.999999999999009,3.512499999999974,28.099999999999792
2019-09-13 15:30:00,Core Retail Sales (MoM)  (Aug),0.0% vs 0.1%,0.0% vs 1.0%,2.20000000000109,17.100000000001003,-7.599999999998719,0.31428571428587004,2.20000000000109
2019-09-13 15:30:00,Retail Sales (MoM)  (Aug),0.4% vs 0.2%,0.4% vs 0.8%,2.20000000000109,17.100000000001003,-7.599999999998719,0.31428571428587004,2.20000000000109
2019-09-19 15:30:00,Initial Jobless Claims,208K vs 213K,208K vs 206K,-19.299999999999873,0.9999999999998899,-22.400000000000198,-2.399999999999902,-19.199999999999218
2019-09-26 15:30:00,GDP (QoQ)  (Q2),2.0% vs 2.0%,2.0% vs 2.0%,-45.89999999999872,1.5999999999993797,-54.499999999999545,-5.7749999999998085,-46.19999999999847
2019-09-26 15:30:00,Initial Jobless Claims,213K vs 212K,213K vs 210K,-45.89999999999872,1.5999999999993797,-54.499999999999545,-5.7749999999998085,-46.19999999999847
2019-09-27 15:30:00,Core PCE Price Index (MoM)  (Aug),0.1% vs 0.2%,0.1% vs 0.2%,1.8999999999991246,23.800000000000487,-2.9999999999996696,0.24285714285714782,1.7000000000000348
2019-09-27 15:30:00,Core PCE Price Index (YoY)  (Aug),1.8% vs 1.8%,1.8% vs 1.7%,1.8999999999991246,23.800000000000487,-2.9999999999996696,0.24285714285714782,1.7000000000000348
2019-10-01 17:00:00,ISM Manufacturing PMI  (Sep),47.8 vs 50.4,47.8 vs 49.1,15.000000000000568,26.999999999999247,-0.5000000000010552,2.085714285714627,14.600000000002389
2019-10-02 15:15:00,ADP Nonfarm Employment Change  (Sep),135K vs 140K,135K vs 157K,13.499999999999623,16.499999999999293,-10.000000000001119,1.6875000000002305,13.500000000001844
2019-10-03 15:30:00,Initial Jobless Claims,219K vs 215K,219K vs 215K,10.799999999999699,39.199999999999235,-0.5000000000010552,1.374999999999571,10.999999999996568
2019-10-03 17:00:00,ISM Non-Manufacturing PMI  (Sep),52.6 vs 55.0,52.6 vs 56.4,-12.900000000000134,11.099999999999444,-21.200000000001218,-1.785714285714565,-12.500000000001954
2019-10-04 15:30:00,Nonfarm Payrolls  (Sep),136K vs 140K,136K vs 168K,6.099999999999994,17.000000000000348,-5.599999999998939,0.8857142857146958,6.20000000000287
2019-10-04 15:30:00,Unemployment Rate  (Sep),3.5% vs 3.7%,3.5% vs 3.7%,6.099999999999994,17.000000000000348,-5.599999999998939,0.8857142857146958,6.20000000000287
2019-10-08 15:30:00,PPI (MoM)  (Sep),-0.3% vs 0.1%,-0.3% vs 0.1%,-18.100000000000893,1.7000000000000348,-33.00000000000081,-2.225000000000421,-17.80000000000337
2019-10-09 17:00:00,JOLTS Job Openings  (Aug),7.051M vs 7.191M,7.051M vs 7.174M,-6.699999999999484,3.5999999999991594,-11.799999999999589,-0.8285714285714643,-5.800000000000249
2019-10-10 15:30:00,Core CPI (MoM)  (Sep),0.1% vs 0.2%,0.1% vs 0.3%,-11.000000000001009,4.999999999999449,-17.199999999999438,-1.2500000000001399,-10.000000000001119
2019-10-10 15:30:00,CPI (MoM)  (Sep),0.0% vs 0.1%,0.0% vs 0.1%,-11.000000000001009,4.999999999999449,-17.199999999999438,-1.2500000000001399,-10.000000000001119
2019-10-10 15:30:00,CPI (YoY)  (Sep),1.7% vs 1.8%,1.7% vs 1.7%,-11.000000000001009,4.999999999999449,-17.199999999999438,-1.2500000000001399,-10.000000000001119
2019-10-10 15:30:00,Initial Jobless Claims,210K vs 215K,210K vs 220K,-11.000000000001009,4.999999999999449,-17.199999999999438,-1.2500000000001399,-10.000000000001119
2019-10-16 15:30:00,Core Retail Sales (MoM)  (Sep),-0.1% vs 0.2%,-0.1% vs 0.2%,20.199999999999108,32.999999999998586,-11.100000000001664,2.5124999999998066,20.099999999998452
2019-10-16 15:30:00,Retail Sales (MoM)  (Sep),-0.3% vs 0.3%,-0.3% vs 0.6%,20.199999999999108,32.999999999998586,-11.100000000001664,2.5124999999998066,20.099999999998452
2019-10-17 15:30:00,Initial Jobless Claims,214K vs 212K,214K vs 210K,3.399999999997849,8.799999999999919,-12.600000000000389,0.39999999999956737,3.199999999996539
2019-10-24 15:30:00,Initial Jobless Claims,212K vs 216K,212K vs 218K,-11.099999999999444,0.9000000000014552,-23.299999999999432,-1.374999999999571,-10.999999999996568
2019-10-30 15:15:00,ADP Nonfarm Employment Change  (Oct),125K vs 120K,125K vs 93K,44.599999999999085,45.59999999999897,-27.600000000000957,5.550000000000277,44.400000000002215
2019-10-30 15:30:00,GDP (QoQ)  (Q3),1.9% vs 1.6%,1.9% vs 2.0%,44.599999999999085,45.59999999999897,-27.600000000000957,5.550000000000277,44.400000000002215
2019-10-31 15:30:00,Core PCE Price Index (MoM)  (Sep),0.0% vs 0.1%,0.0% vs 0.1%,3.5999999999991594,10.600000000000609,-16.899999999999693,0.4999999999996674,3.999999999997339
2019-10-31 15:30:00,Core PCE Price Index (YoY)  (Sep),1.7% vs 1.7%,1.7% vs 1.8%,3.5999999999991594,10.600000000000609,-16.899999999999693,0.4999999999996674,3.999999999997339
2019-10-31 15:30:00,Initial Jobless Claims,218K vs 215K,218K vs 213K,3.5999999999991594,10.600000000000609,-16.899999999999693,0.4999999999996674,3.999999999997339
2019-11-01 15:30:00,Nonfarm Payrolls  (Oct),128K vs 89K,128K vs 180K,16.799999999999038,24.500000000000632,0.0,2.4000000000001798,16.80000000000126
2019-11-01 15:30:00,Unemployment Rate  (Oct),3.6% vs 3.6%,3.6% vs 3.5%,16.799999999999038,24.500000000000632,0.0,2.4000000000001798,16.80000000000126
2019-11-01 17:00:00,ISM Manufacturing PMI  (Oct),48.3 vs 48.9,48.3 vs 47.8,-1.2000000000012,6.500000000000394,-6.6000000000010495,-0.19999999999982992,-1.1999999999989797
2019-11-05 18:00:00,ISM Non-Manufacturing PMI  (Oct),54.7 vs 53.5,54.7 vs 52.6,1.9999999999997797,3.4999999999985043,-8.700000000001484,0.34999999999970244,2.0999999999982144
2019-11-05 18:00:00,JOLTS Job Openings  (Sep),7.024M vs 7.028M,7.024M vs 7.301M,1.9999999999997797,3.4999999999985043,-8.700000000001484,0.34999999999970244,2.0999999999982144
2019-11-07 16:30:00,Initial Jobless Claims,211K vs 215K,211K vs 218K,-13.799999999999368,0.2999999999997449,-27.500000000000302,-1.9571428571426734,-13.699999999998713
2019-11-13 16:30:00,Core CPI (MoM)  (Oct),0.2% vs 0.2%,0.2% vs 0.1%,-6.999999999999229,3.1000000000003247,-17.000000000000348,-1.0428571428573135,-7.300000000001194
2019-11-13 16:30:00,CPI (MoM)  (Oct),0.4% vs 0.3%,0.4% vs 0.1%,-6.999999999999229,3.1000000000003247,-17.000000000000348,-1.0428571428573135,-7.300000000001194
2019-11-13 16:30:00,CPI (YoY)  (Oct),1.8% vs 1.7%,1.8% vs 1.7%,-6.999999999999229,3.1000000000003247,-17.000000000000348,-1.0428571428573135,-7.300000000001194
2019-11-14 16:30:00,Initial Jobless Claims,225K vs 215K,225K vs 211K,19.399999999998307,26.399999999999757,-8.40000000000174,2.7999999999996286,19.599999999997397
2019-11-14 16:30:00,PPI (MoM)  (Oct),0.4% vs 0.3%,0.4% vs -0.3%,19.399999999998307,26.399999999999757,-8.40000000000174,2.7999999999996286,19.599999999997397
2019-11-15 16:30:00,Core Retail Sales (MoM)  (Oct),0.2% vs 0.4%,0.2% vs -0.1%,1.9999999999997797,9.500000000000064,-4.20000000000087,0.31428571428555274,2.1999999999988695
2019-11-15 16:30:00,Retail Sales (MoM)  (Oct),0.3% vs 0.2%,0.3% vs -0.3%,1.9999999999997797,9.500000000000064,-4.20000000000087,0.31428571428555274,2.1999999999988695
2019-11-21 16:30:00,Initial Jobless Claims,227K vs 219K,227K vs 227K,-22.500000000000853,1.7000000000000348,-28.399999999999537,-3.31428571428554,-23.199999999998777
2019-11-27 16:30:00,GDP (QoQ)  (Q3),2.1% vs 1.9%,2.1% vs 1.9%,3.2999999999994145,11.599999999998278,-2.60000000000149,0.44285714285718925,3.1000000000003247
2019-11-27 16:30:00,Initial Jobless Claims,213K vs 223K,213K vs 228K,3.2999999999994145,11.599999999998278,-2.60000000000149,0.44285714285718925,3.1000000000003247
2019-11-27 18:00:00,Core PCE Price Index (YoY)  (Oct),1.6% vs 1.7%,1.6% vs 1.7%,0.20000000000131024,8.500000000000174,-5.699999999999594,0.016666666666775853,0.10000000000065512
2019-11-27 18:00:00,Core PCE Price Index (MoM)  (Oct),0.1% vs 0.2%,0.1% vs 0.0%,0.20000000000131024,8.500000000000174,-5.699999999999594,0.016666666666775853,0.10000000000065512
2019-12-02 18:00:00,ISM Manufacturing PMI  (Nov),48.1 vs 49.2,48.1 vs 48.3,7.699999999999374,20.000000000000018,-0.5999999999994898,1.2999999999992649,7.799999999995588
2019-12-04 16:15:00,ADP Nonfarm Employment Change  (Nov),67K vs 140K,67K vs 121K,-22.199999999998887,16.40000000000086,-32.49999999999975,-3.214285714286153,-22.500000000003073
2019-12-04 18:00:00,ISM Non-Manufacturing PMI  (Nov),53.9 vs 54.5,53.9 vs 54.7,-10.499999999999954,3.20000000000098,-20.800000000000818,-1.783333333333914,-10.700000000003485
2019-12-05 16:30:00,Initial Jobless Claims,203K vs 215K,203K vs 213K,4.199999999998649,7.999999999999119,-9.80000000000203,0.6142857142856148,4.299999999999304
2019-12-06 16:30:00,Nonfarm Payrolls  (Nov),266K vs 186K,266K vs 156K,-3.00000000000189,8.299999999998864,-17.500000000001403,-0.44285714285687205,-3.0999999999981043
2019-12-06 16:30:00,Unemployment Rate  (Nov),3.5% vs 3.6%,3.5% vs 3.6%,-3.00000000000189,8.299999999998864,-17.500000000001403,-0.44285714285687205,-3.0999999999981043
2019-12-11 16:30:00,Core CPI (MoM)  (Nov),0.2% vs 0.2%,0.2% vs 0.2%,38.7000000000004,54.09999999999915,-7.699999999999374,5.542857142857612,38.80000000000328
2019-12-11 16:30:00,CPI (YoY)  (Nov),2.1% vs 2.0%,2.1% vs 1.8%,38.7000000000004,54.09999999999915,-7.699999999999374,5.542857142857612,38.80000000000328
2019-12-11 16:30:00,CPI (MoM)  (Nov),0.3% vs 0.2%,0.3% vs 0.4%,38.7000000000004,54.09999999999915,-7.699999999999374,5.542857142857612,38.80000000000328
2019-12-12 16:30:00,Initial Jobless Claims,252K vs 213K,252K vs 203K,3.8999999999989043,11.599999999998278,-21.800000000000708,0.5428571428568928,3.7999999999982492
2019-12-12 16:30:00,PPI (MoM)  (Nov),0.0% vs 0.2%,0.0% vs 0.4%,3.8999999999989043,11.599999999998278,-21.800000000000708,0.5428571428568928,3.7999999999982492
2019-12-13 16:30:00,Core Retail Sales (MoM)  (Nov),0.1% vs 0.4%,0.1% vs 0.3%,-35.400000000000986,14.899999999999913,-40.800000000000836,-5.128571428571403,-35.89999999999982
2019-12-13 16:30:00,Retail Sales (MoM)  (Nov),0.2% vs 0.5%,0.2% vs 0.4%,-35.400000000000986,14.899999999999913,-40.800000000000836,-5.128571428571403,-35.89999999999982
2019-12-17 18:00:00,JOLTS Job Openings  (Oct),7.267M vs 7.018M,7.267M vs 7.032M,-6.999999999999229,1.500000000000945,-10.099999999999554,-1.283333333332859,-7.699999999997154
2019-12-19 16:30:00,Initial Jobless Claims,234K vs 225K,234K vs 252K,-2.2999999999995246,8.399999999999519,-15.000000000000568,-0.3428571428568513,-2.3999999999979593
2019-12-20 16:30:00,GDP (QoQ)  (Q3),2.1% vs 2.1%,2.1% vs 2.1%,-6.599999999998829,4.3999999999999595,-17.300000000000093,-0.9142857142856771,-6.399999999999739
2019-12-20 18:00:00,Core PCE Price Index (YoY)  (Nov),1.6% vs 1.6%,1.6% vs 1.7%,-9.399999999999409,0.700000000000145,-20.100000000000673,-1.5500000000001624,-9.300000000000974
2019-12-20 18:00:00,Core PCE Price Index (MoM)  (Nov),0.1% vs 0.1%,0.1% vs 0.1%,-9.399999999999409,0.700000000000145,-20.100000000000673,-1.5500000000001624,-9.300000000000974
2019-12-26 16:30:00,Initial Jobless Claims,222K vs 224K,222K vs 235K,6.599999999998829,18.000000000000238,-0.9000000000014552,0.9571428571424663,6.699999999997264
