datetime,event,delta_act_fc,delta_act_prev,post_pips,post_max_pips,post_min_pips,post_mean_pips
2019-01-03 15:15:00,ADP Nonfarm Employment Change  (Dec),271K vs 179K,271K vs 157K,26.800000000000157,44.69999999999974,-4.999999999999449,0.035047619047649865
2019-01-03 15:30:00,Initial Jobless Claims,231K vs 220K,231K vs 221K,27.200000000000557,45.100000000000136,-4.599999999999049,0.04039215686277027
2019-01-03 17:00:00,ISM Manufacturing PMI  (Dec),54.1 vs 57.7,54.1 vs 59.3,0.700000000000145,18.599999999999728,-9.600000000000719,-0.010238095238067148
2019-01-04 15:30:00,Nonfarm Payrolls  (Dec),312K vs 178K,312K vs 176K,41.89999999999916,65.29999999999924,-6.800000000000139,0.07377777777789596
2019-01-04 15:30:00,Unemployment Rate  (Dec),3.9% vs 3.7%,3.9% vs 3.7%,41.89999999999916,65.29999999999924,-6.800000000000139,0.07377777777789596
2019-01-07 17:00:00,ISM Non-Manufacturing PMI  (Dec),57.6 vs 59.6,57.6 vs 60.7,15.399999999998748,22.699999999999942,-1.40000000000029,0.017142857142842565
2019-01-08 17:00:00,JOLTS Job Openings  (Nov),6.888M vs 7.063M,6.888M vs 7.131M,-0.8999999999992347,17.400000000000748,-5.499999999998284,-0.007159904534621315
2019-01-10 15:30:00,Initial Jobless Claims,216K vs 225K,216K vs 233K,-27.900000000000702,4.299999999999304,-40.800000000000836,-0.04725490196079783
2019-01-11 15:30:00,Core CPI (MoM)  (Dec),0.2% vs 0.2%,0.2% vs 0.2%,-21.999999999999797,6.6000000000010495,-29.600000000000737,-0.049777777777812754
2019-01-11 15:30:00,CPI (YoY)  (Dec),1.9% vs 1.9%,1.9% vs 2.2%,-21.999999999999797,6.6000000000010495,-29.600000000000737,-0.049777777777812754
2019-01-11 15:30:00,CPI (MoM)  (Dec),-0.1% vs -0.1%,-0.1% vs 0.0%,-21.999999999999797,6.6000000000010495,-29.600000000000737,-0.049777777777812754
2019-01-15 15:30:00,PPI (MoM)  (Dec),-0.2% vs -0.1%,-0.2% vs 0.1%,-33.69999999999873,15.400000000000968,-57.49999999999922,-0.07352941176471302
2019-01-17 15:30:00,Initial Jobless Claims,213K vs 219K,213K vs 216K,-2.500000000000835,10.399999999999299,-19.800000000000928,-0.016274509803945465
2019-01-24 15:30:00,Initial Jobless Claims,199K vs 219K,199K vs 212K,-68.69999999999932,10.300000000000864,-81.10000000000062,-0.14470588235294876
2019-01-30 15:15:00,ADP Nonfarm Employment Change  (Jan),213K vs 180K,213K vs 263K,70.5,91.60000000000056,-2.500000000000835,0.11599999999999018
2019-01-31 15:30:00,Initial Jobless Claims,253K vs 215K,253K vs 200K,-43.89999999999894,1.100000000000545,-54.30000000000046,-0.09666011787817143
2019-02-01 15:30:00,Nonfarm Payrolls  (Jan),304K vs 165K,304K vs 222K,-14.400000000001079,19.299999999999873,-21.600000000001618,-0.03422222222225398
2019-02-01 15:30:00,Unemployment Rate  (Jan),4.0% vs 3.9%,4.0% vs 3.9%,-14.400000000001079,19.299999999999873,-21.600000000001618,-0.03422222222225398
2019-02-01 17:00:00,ISM Manufacturing PMI  (Jan),56.6 vs 54.2,56.6 vs 54.3,-12.399999999999078,21.300000000001873,-14.399999999998858,-0.03555555555560345
2019-02-05 17:00:00,ISM Non-Manufacturing PMI  (Jan),56.7 vs 57.2,56.7 vs 58.0,-5.599999999998939,7.500000000000284,-8.500000000000174,-0.011666666666711376
2019-02-07 15:30:00,Initial Jobless Claims,234K vs 221K,234K vs 253K,-1.5999999999993797,16.399999999998638,-7.399999999999629,-0.006470588235288616
2019-02-12 17:00:00,JOLTS Job Openings  (Dec),7.335M vs 6.900M,7.335M vs 7.166M,29.69999999999917,40.10000000000069,-1.100000000000545,0.062142857142788444
2019-02-13 15:30:00,Core CPI (MoM)  (Jan),0.2% vs 0.2%,0.2% vs 0.2%,-27.599999999998737,19.599999999999618,-35.199999999999676,-0.0645098039215907
2019-02-13 15:30:00,CPI (MoM)  (Jan),0.0% vs 0.1%,0.0% vs -0.1%,-27.599999999998737,19.599999999999618,-35.199999999999676,-0.0645098039215907
2019-02-13 15:30:00,CPI (YoY)  (Jan),1.6% vs 1.5%,1.6% vs 1.9%,-27.599999999998737,19.599999999999618,-35.199999999999676,-0.0645098039215907
2019-02-14 15:30:00,PPI (MoM)  (Jan),-0.1% vs 0.1%,-0.1% vs -0.1%,-5.5000000000005045,5.1000000000001044,-35.30000000000033,-0.013725490196055151
2019-02-14 15:30:00,Retail Sales (MoM)  (Dec),-1.2% vs 0.1%,-1.2% vs 0.1%,-5.5000000000005045,5.1000000000001044,-35.30000000000033,-0.013725490196055151
2019-02-14 15:30:00,Core Retail Sales (MoM)  (Dec),-1.8% vs 0.0%,-1.8% vs 0.2%,-5.5000000000005045,5.1000000000001044,-35.30000000000033,-0.013725490196055151
2019-02-14 15:30:00,Initial Jobless Claims,239K vs 225K,239K vs 235K,-5.5000000000005045,5.1000000000001044,-35.30000000000033,-0.013725490196055151
2019-02-21 15:30:00,Initial Jobless Claims,216K vs 220K,216K vs 239K,-10.099999999999554,5.9000000000009045,-23.199999999998777,-0.03366141732283225
2019-02-28 15:30:00,GDP (QoQ)  (Q4),2.6% vs 2.6%,2.6% vs 3.4%,-21.399999999998087,3.8000000000004697,-32.69999999999884,-0.05862745098038004
2019-02-28 15:30:00,Initial Jobless Claims,225K vs 221K,225K vs 217K,-21.399999999998087,3.8000000000004697,-32.69999999999884,-0.05862745098038004
2019-03-01 15:30:00,Core PCE Price Index (YoY)  (Dec),1.9% vs 1.9%,1.9% vs 1.9%,-24.999999999999467,20.199999999999108,-33.90000000000004,-0.060666666666605217
2019-03-01 15:30:00,Core PCE Price Index (MoM)  (Dec),0.2% vs 0.2%,0.2% vs 0.2%,-24.999999999999467,20.199999999999108,-33.90000000000004,-0.060666666666605217
2019-03-01 17:00:00,ISM Manufacturing PMI  (Feb),54.2 vs 55.5,54.2 vs 56.6,-24.100000000000232,0.9999999999998899,-33.00000000000081,-0.06388888888880784
2019-03-05 17:00:00,ISM Non-Manufacturing PMI  (Feb),59.7 vs 57.3,59.7 vs 56.7,-3.6999999999998145,7.099999999999884,-13.800000000001589,-0.030952380952345822
2019-03-06 15:15:00,ADP Nonfarm Employment Change  (Feb),183K vs 189K,183K vs 300K,-0.8000000000008001,15.799999999999148,-4.3999999999999595,-0.00285714285712351
2019-03-07 15:30:00,Initial Jobless Claims,223K vs 225K,223K vs 226K,-55.70000000000075,1.40000000000029,-71.00000000000107,-0.11019607843141961
2019-03-08 15:30:00,Nonfarm Payrolls  (Feb),20K vs 181K,20K vs 311K,1.9999999999997797,17.000000000000348,-7.0000000000014495,-0.005555555555552477
2019-03-08 15:30:00,Unemployment Rate  (Feb),3.8% vs 3.9%,3.8% vs 4.0%,1.9999999999997797,17.000000000000348,-7.0000000000014495,-0.005555555555552477
2019-03-11 14:30:00,Retail Sales (MoM)  (Jan),0.2% vs 0.0%,0.2% vs -1.6%,9.599999999998499,20.299999999999763,-31.800000000001827,0.009122807017568565
2019-03-11 14:30:00,Core Retail Sales (MoM)  (Jan),0.9% vs 0.4%,0.9% vs -2.1%,9.599999999998499,20.299999999999763,-31.800000000001827,0.009122807017568565
2019-03-12 14:30:00,Core CPI (MoM)  (Feb),0.1% vs 0.2%,0.1% vs 0.2%,12.000000000000899,27.500000000000302,-10.399999999999299,0.005263157894763531
2019-03-12 14:30:00,CPI (MoM)  (Feb),0.2% vs 0.2%,0.2% vs 0.0%,12.000000000000899,27.500000000000302,-10.399999999999299,0.005263157894763531
2019-03-12 14:30:00,CPI (YoY)  (Feb),1.5% vs 1.6%,1.5% vs 1.6%,12.000000000000899,27.500000000000302,-10.399999999999299,0.005263157894763531
2019-03-13 14:30:00,PPI (MoM)  (Feb),0.1% vs 0.2%,0.1% vs -0.1%,38.599999999999746,39.70000000000029,-2.500000000000835,0.05263157894736652
2019-03-14 14:30:00,Initial Jobless Claims,229K vs 225K,229K vs 223K,6.800000000000139,10.599999999998388,-4.60000000000127,0.005789473684213395
2019-03-15 16:00:00,JOLTS Job Openings  (Jan),7.581M vs 7.310M,7.581M vs 7.479M,-11.099999999999444,5.699999999999594,-20.800000000000818,-0.055833333333335206
2019-03-21 14:30:00,Initial Jobless Claims,221K vs 226K,221K vs 230K,-13.900000000000023,5.00000000000167,-47.699999999999406,-0.021754385964895075
2019-03-28 14:30:00,GDP (QoQ)  (Q4),2.2% vs 2.4%,2.2% vs 2.6%,2.20000000000109,12.700000000001044,-12.399999999999078,-0.004385964912352286
2019-03-28 14:30:00,Initial Jobless Claims,211K vs 220K,211K vs 216K,2.20000000000109,12.700000000001044,-12.399999999999078,-0.004385964912352286
2019-03-29 14:30:00,Core PCE Price Index (MoM)  (Jan),0.1% vs 0.2%,0.1% vs 0.2%,-15.600000000000058,8.099999999999774,-20.400000000000418,-0.03644444444444142
2019-03-29 14:30:00,Core PCE Price Index (YoY)  (Jan),1.8% vs 1.9%,1.8% vs 2.0%,-15.600000000000058,8.099999999999774,-20.400000000000418,-0.03644444444444142
2019-04-01 14:30:00,Core Retail Sales (MoM)  (Feb),-0.4% vs 0.4%,-0.4% vs 1.4%,-36.10000000000113,9.900000000000464,-39.80000000000095,-0.06807017543859055
2019-04-01 14:30:00,Retail Sales (MoM)  (Feb),-0.2% vs 0.3%,-0.2% vs 0.7%,-36.10000000000113,9.900000000000464,-39.80000000000095,-0.06807017543859055
2019-04-01 16:00:00,ISM Manufacturing PMI  (Mar),55.3 vs 54.5,55.3 vs 54.2,-25.200000000000777,7.699999999999374,-28.900000000000592,-0.08104166666667023
2019-04-03 14:15:00,ADP Nonfarm Employment Change  (Mar),129K vs 184K,129K vs 197K,-9.500000000000064,3.9999999999995595,-20.999999999999908,-0.023418803418801218
2019-04-03 16:00:00,ISM Non-Manufacturing PMI  (Mar),56.1 vs 58.1,56.1 vs 59.7,-0.4999999999988347,12.100000000001554,-11.999999999998678,-0.003750000000006063
2019-04-04 14:30:00,Initial Jobless Claims,202K vs 216K,202K vs 212K,2.2999999999995246,8.499999999997954,-12.400000000001299,-0.007192982456136832
2019-04-05 14:30:00,Nonfarm Payrolls  (Mar),196K vs 175K,196K vs 33K,-19.499999999998963,13.499999999999623,-23.800000000000487,-0.03450980392154654
2019-04-05 14:30:00,Unemployment Rate  (Mar),3.8% vs 3.8%,3.8% vs 3.8%,-19.499999999998963,13.499999999999623,-23.800000000000487,-0.03450980392154654
2019-04-09 16:00:00,JOLTS Job Openings  (Feb),7.087M vs 7.550M,7.087M vs 7.625M,-15.300000000000313,2.0999999999982144,-18.400000000000638,-0.0402083333333747
2019-04-10 14:30:00,Core CPI (MoM)  (Mar),0.1% vs 0.2%,0.1% vs 0.1%,-6.099999999999994,6.699999999999484,-51.49999999999988,-0.019122807017552264
2019-04-10 14:30:00,CPI (YoY)  (Mar),1.9% vs 1.8%,1.9% vs 1.5%,-6.099999999999994,6.699999999999484,-51.49999999999988,-0.019122807017552264
2019-04-10 14:30:00,CPI (MoM)  (Mar),0.4% vs 0.3%,0.4% vs 0.2%,-6.099999999999994,6.699999999999484,-51.49999999999988,-0.019122807017552264
2019-04-11 14:30:00,Initial Jobless Claims,196K vs 211K,196K vs 204K,-2.4000000000001798,17.000000000000348,-9.399999999999409,-0.019824561403537364
2019-04-11 14:30:00,PPI (MoM)  (Mar),0.6% vs 0.3%,0.6% vs 0.1%,-2.4000000000001798,17.000000000000348,-9.399999999999409,-0.019824561403537364
2019-04-18 14:30:00,Core Retail Sales (MoM)  (Mar),1.2% vs 0.7%,1.2% vs -0.2%,-10.499999999999954,11.900000000000244,-15.699999999998493,-0.04736842105260299
2019-04-18 14:30:00,Initial Jobless Claims,192K vs 205K,192K vs 197K,-10.499999999999954,11.900000000000244,-15.699999999998493,-0.04736842105260299
2019-04-18 14:30:00,Retail Sales (MoM)  (Mar),1.6% vs 0.9%,1.6% vs -0.2%,-10.499999999999954,11.900000000000244,-15.699999999998493,-0.04736842105260299
2019-04-25 14:30:00,Initial Jobless Claims,230K vs 199K,230K vs 193K,12.900000000000134,33.199999999999896,-3.5000000000007248,0.016315789473670336
2019-04-26 14:30:00,GDP (QoQ)  (Q1),3.2% vs 2.0%,3.2% vs 2.2%,17.100000000001003,48.10000000000203,-14.699999999998603,0.008627450980426915
2019-04-29 14:30:00,Core PCE Price Index (MoM)  (Mar),0.0% vs 0.1%,0.0% vs 0.1%,24.299999999999322,28.29999999999888,-13.400000000001189,0.037894736842088626
2019-04-29 14:30:00,Core PCE Price Index (YoY)  (Feb),1.6% vs 1.7%,1.6% vs 1.8%,24.299999999999322,28.29999999999888,-13.400000000001189,0.037894736842088626
2019-04-29 14:30:00,Core PCE Price Index (MoM)  (Feb),0.1% vs 0.2%,0.1% vs 0.1%,24.299999999999322,28.29999999999888,-13.400000000001189,0.037894736842088626
2019-04-29 14:30:00,Core PCE Price Index (YoY)  (Mar),1.6% vs 1.7%,1.6% vs 1.7%,24.299999999999322,28.29999999999888,-13.400000000001189,0.037894736842088626
2019-05-01 14:15:00,ADP Nonfarm Employment Change  (Apr),275K vs 181K,275K vs 151K,-31.200000000000117,34.600000000000186,-43.100000000000364,-0.07230769230764982
2019-05-01 16:00:00,ISM Manufacturing PMI  (Apr),52.8 vs 55.0,52.8 vs 55.3,-38.79999999999883,27.000000000001467,-50.69999999999908,-0.07458333333328533
2019-05-02 14:30:00,Initial Jobless Claims,230K vs 220K,230K vs 230K,-28.200000000000447,5.300000000001415,-29.399999999999427,-0.06491228070174335
2019-05-03 14:30:00,Nonfarm Payrolls  (Apr),263K vs 181K,263K vs 189K,60.00000000000006,64.00000000000183,-5.699999999999594,0.06196078431368732
2019-05-03 14:30:00,Unemployment Rate  (Apr),3.6% vs 3.8%,3.6% vs 3.8%,60.00000000000006,64.00000000000183,-5.699999999999594,0.06196078431368732
2019-05-03 16:00:00,ISM Non-Manufacturing PMI  (Apr),55.5 vs 57.2,55.5 vs 56.1,22.899999999999032,26.900000000000812,-7.099999999999884,0.05499999999995852
2019-05-07 16:00:00,JOLTS Job Openings  (Mar),7.488M vs 7.350M,7.488M vs 7.142M,6.700000000001705,8.00000000000134,-20.199999999999108,0.00854166666667174
2019-05-09 14:30:00,Initial Jobless Claims,228K vs 215K,228K vs 230K,21.999999999999797,54.799999999999294,-4.900000000001015,0.019473684210494176
2019-05-09 14:30:00,PPI (MoM)  (Apr),0.2% vs 0.2%,0.2% vs 0.6%,21.999999999999797,54.799999999999294,-4.900000000001015,0.019473684210494176
2019-05-10 14:30:00,CPI (YoY)  (Apr),2.0% vs 2.1%,2.0% vs 1.9%,-1.500000000000945,19.199999999999218,-8.099999999999774,0.0013725490195863582
2019-05-10 14:30:00,CPI (MoM)  (Apr),0.3% vs 0.4%,0.3% vs 0.4%,-1.500000000000945,19.199999999999218,-8.099999999999774,0.0013725490195863582
2019-05-10 14:30:00,Core CPI (MoM)  (Apr),0.1% vs 0.2%,0.1% vs 0.1%,-1.500000000000945,19.199999999999218,-8.099999999999774,0.0013725490195863582
2019-05-15 14:30:00,Core Retail Sales (MoM)  (Apr),0.1% vs 0.7%,0.1% vs 1.3%,17.300000000000093,37.199999999999456,-8.20000000000043,0.027368421052608304
2019-05-15 14:30:00,Retail Sales (MoM)  (Apr),-0.2% vs 0.2%,-0.2% vs 1.7%,17.300000000000093,37.199999999999456,-8.20000000000043,0.027368421052608304
2019-05-16 14:30:00,Initial Jobless Claims,212K vs 220K,212K vs 228K,-31.200000000000117,1.100000000000545,-37.8999999999996,-0.06596491228067423
2019-05-23 14:30:00,Initial Jobless Claims,211K vs 215K,211K vs 212K,43.80000000000051,48.2999999999989,-32.2,0.06555360281190806
2019-05-30 14:30:00,GDP (QoQ)  (Q1),3.1% vs 3.1%,3.1% vs 2.2%,-10.799999999999699,1.40000000000029,-24.100000000000232,-0.023157894736818518
2019-05-30 14:30:00,Initial Jobless Claims,215K vs 216K,215K vs 212K,-10.799999999999699,1.40000000000029,-24.100000000000232,-0.023157894736818518
2019-05-31 14:30:00,Core PCE Price Index (YoY)  (Apr),1.6% vs 1.6%,1.6% vs 1.5%,16.00000000000046,27.89999999999848,-15.100000000001224,0.02999999999997449
2019-05-31 14:30:00,Core PCE Price Index (MoM)  (Apr),0.2% vs 0.2%,0.2% vs 0.1%,16.00000000000046,27.89999999999848,-15.100000000001224,0.02999999999997449
2019-06-03 16:00:00,ISM Manufacturing PMI  (May),52.1 vs 53.0,52.1 vs 52.8,45.69999999999963,63.40000000000012,-2.2999999999995246,0.06520833333330718
2019-06-05 14:15:00,ADP Nonfarm Employment Change  (May),27K vs 180K,27K vs 271K,-39.100000000000804,40.79999999999862,-45.69999999999963,-0.05538461538461763
2019-06-05 16:00:00,ISM Non-Manufacturing PMI  (May),56.9 vs 55.5,56.9 vs 55.5,-32.2,15.199999999999658,-38.79999999999883,-0.11020833333332444
2019-06-06 14:30:00,Initial Jobless Claims,218K vs 215K,218K vs 218K,10.799999999999699,43.29999999999945,-21.500000000000963,0.016491228070139342
2019-06-07 14:30:00,Unemployment Rate  (May),3.6% vs 3.6%,3.6% vs 3.6%,31.30000000000077,45.600000000001195,-32.69999999999884,0.1158823529411868
2019-06-07 14:30:00,Nonfarm Payrolls  (May),75K vs 185K,75K vs 224K,31.30000000000077,45.600000000001195,-32.69999999999884,0.1158823529411868
2019-06-10 16:00:00,JOLTS Job Openings  (Apr),7.449M vs 7.479M,7.449M vs 7.474M,12.900000000000134,24.200000000000887,-9.399999999999409,0.019415448851795105
2019-06-11 14:30:00,PPI (MoM)  (May),0.1% vs 0.1%,0.1% vs 0.2%,15.200000000001879,25.500000000000522,-10.599999999998388,0.015817223198631308
2019-06-12 14:30:00,Core CPI (MoM)  (May),0.1% vs 0.2%,0.1% vs 0.1%,-46.99999999999926,2.20000000000109,-55.899999999999835,-0.06368421052632786
2019-06-12 14:30:00,CPI (YoY)  (May),1.8% vs 1.9%,1.8% vs 2.0%,-46.99999999999926,2.20000000000109,-55.899999999999835,-0.06368421052632786
2019-06-12 14:30:00,CPI (MoM)  (May),0.1% vs 0.1%,0.1% vs 0.3%,-46.99999999999926,2.20000000000109,-55.899999999999835,-0.06368421052632786
2019-06-13 14:30:00,Initial Jobless Claims,222K vs 216K,222K vs 219K,-12.399999999999078,0.5999999999994898,-21.299999999999653,-0.02894736842107866
2019-06-14 14:30:00,Core Retail Sales (MoM)  (May),0.5% vs 0.5%,0.5% vs 0.5%,-43.80000000000051,17.799999999998928,-46.400000000001995,-0.11764705882351209
2019-06-14 14:30:00,Retail Sales (MoM)  (May),0.5% vs 0.7%,0.5% vs 0.3%,-43.80000000000051,17.799999999998928,-46.400000000001995,-0.11764705882351209
2019-06-20 14:30:00,Initial Jobless Claims,216K vs 220K,216K vs 222K,-17.500000000001403,6.899999999998574,-39.89999999999938,-0.023508771929896765
2019-06-27 14:30:00,GDP (QoQ)  (Q1),3.1% vs 3.1%,3.1% vs 3.1%,-1.5999999999993797,4.699999999999704,-13.600000000000279,-0.014210526315754018
2019-06-27 14:30:00,Initial Jobless Claims,227K vs 220K,227K vs 217K,-1.5999999999993797,4.699999999999704,-13.600000000000279,-0.014210526315754018
2019-06-28 14:30:00,Core PCE Price Index (MoM)  (May),0.2% vs 0.2%,0.2% vs 0.2%,-13.599999999998058,10.600000000000609,-31.09999999999946,-0.03490196078429421
2019-06-28 14:30:00,Core PCE Price Index (YoY)  (May),1.6% vs 1.6%,1.6% vs 1.6%,-13.599999999998058,10.600000000000609,-31.09999999999946,-0.03490196078429421
2019-07-01 16:00:00,ISM Manufacturing PMI  (Jun),51.7 vs 51.0,51.7 vs 52.1,-39.70000000000029,10.000000000001119,-46.19999999999847,-0.09729166666669806
2019-07-03 14:15:00,ADP Nonfarm Employment Change  (Jun),102K vs 140K,102K vs 41K,-16.900000000001913,15.699999999998493,-24.800000000000377,-0.032474226804061763
2019-07-03 14:30:00,Initial Jobless Claims,221K vs 220K,221K vs 229K,-11.100000000001664,21.499999999998742,-19.000000000000128,-0.03315696649024291
2019-07-03 16:00:00,ISM Non-Manufacturing PMI  (Jun),55.1 vs 56.1,55.1 vs 56.9,-14.000000000000679,18.599999999999728,-21.899999999999142,-0.03480083857437217
2019-07-05 14:30:00,Nonfarm Payrolls  (Jun),224K vs 160K,224K vs 72K,-23.999999999999577,19.500000000001183,-40.19999999999912,-0.09450980392158695
2019-07-05 14:30:00,Unemployment Rate  (Jun),3.7% vs 3.6%,3.7% vs 3.6%,-23.999999999999577,19.500000000001183,-40.19999999999912,-0.09450980392158695
2019-07-09 16:00:00,JOLTS Job Openings  (May),7.323M vs 7.470M,7.323M vs 7.372M,0.0,5.800000000000249,-8.300000000001084,-0.009583333333340605
2019-07-11 14:30:00,Core CPI (MoM)  (Jun),0.3% vs 0.2%,0.3% vs 0.1%,-17.700000000000493,10.999999999998789,-25.600000000001177,-0.06350877192980822
2019-07-11 14:30:00,CPI (YoY)  (Jun),1.6% vs 1.6%,1.6% vs 1.8%,-17.700000000000493,10.999999999998789,-25.600000000001177,-0.06350877192980822
2019-07-11 14:30:00,CPI (MoM)  (Jun),0.1% vs 0.0%,0.1% vs 0.1%,-17.700000000000493,10.999999999998789,-25.600000000001177,-0.06350877192980822
2019-07-11 14:30:00,Initial Jobless Claims,209K vs 220K,209K vs 222K,-17.700000000000493,10.999999999998789,-25.600000000001177,-0.06350877192980822
2019-07-12 14:30:00,PPI (MoM)  (Jun),0.1% vs 0.1%,0.1% vs 0.1%,22.200000000001108,26.299999999999102,-9.500000000000064,0.031372549019669696
2019-07-16 14:30:00,Core Retail Sales (MoM)  (Jun),0.4% vs 0.1%,0.4% vs 0.4%,0.40000000000040004,15.100000000001224,-7.399999999999629,-0.02263157894735697
2019-07-16 14:30:00,Retail Sales (MoM)  (Jun),0.4% vs 0.1%,0.4% vs 0.4%,0.40000000000040004,15.100000000001224,-7.399999999999629,-0.02263157894735697
2019-07-18 14:30:00,Initial Jobless Claims,216K vs 216K,216K vs 208K,60.7000000000002,63.899999999998954,-4.500000000000615,0.08666666666663843
2019-07-25 14:30:00,Initial Jobless Claims,206K vs 220K,206K vs 216K,42.9999999999997,83.20000000000105,-3.1999999999987594,0.06280701754384259
2019-07-26 14:30:00,GDP (QoQ)  (Q2),2.1% vs 1.8%,2.1% vs 3.1%,-5.199999999998539,11.800000000001809,-17.899999999999583,-0.04294117647062139
2019-07-30 14:30:00,Core PCE Price Index (MoM)  (Jun),0.2% vs 0.2%,0.2% vs 0.2%,1.6000000000016001,7.7000000000015945,-15.399999999998748,-0.0031578947367770917
2019-07-30 14:30:00,Core PCE Price Index (YoY)  (Jun),1.6% vs 1.7%,1.6% vs 1.5%,1.6000000000016001,7.7000000000015945,-15.399999999998748,-0.0031578947367770917
2019-07-31 14:15:00,ADP Nonfarm Employment Change  (Jul),156K vs 150K,156K vs 112K,-80.40000000000047,2.5999999999992696,-90.09999999999962,-0.15863247863249305
2019-08-01 14:30:00,Initial Jobless Claims,215K vs 214K,215K vs 207K,43.100000000000364,56.199999999999584,-12.700000000001044,0.07228070175439982
2019-08-01 16:00:00,ISM Manufacturing PMI  (Jul),51.2 vs 52.0,51.2 vs 51.7,29.600000000000737,42.69999999999996,-9.900000000000464,0.08083333333334017
2019-08-02 14:30:00,Nonfarm Payrolls  (Jul),164K vs 164K,164K vs 193K,7.7000000000015945,18.400000000000638,-19.899999999999363,-0.003921568627450548
2019-08-02 14:30:00,Unemployment Rate  (Jul),3.7% vs 3.7%,3.7% vs 3.7%,7.7000000000015945,18.400000000000638,-19.899999999999363,-0.003921568627450548
2019-08-05 16:00:00,ISM Non-Manufacturing PMI  (Jul),53.7 vs 55.5,53.7 vs 55.1,33.299999999998334,34.09999999999913,-2.4000000000001798,0.07249999999999386
2019-08-06 16:00:00,JOLTS Job Openings  (Jun),7.348M vs 7.450M,7.348M vs 7.384M,28.700000000001502,33.60000000000029,-1.4999999999987246,0.04604166666663523
2019-08-08 14:30:00,Initial Jobless Claims,209K vs 215K,209K vs 217K,3.2999999999994145,42.29999999999956,-13.099999999999223,-0.01754385964908971
2019-08-09 14:30:00,PPI (MoM)  (Jul),0.2% vs 0.2%,0.2% vs 0.1%,-2.7999999999983594,23.200000000000998,-11.599999999998278,-0.005686274509775866
2019-08-13 14:30:00,CPI (MoM)  (Jul),0.3% vs 0.3%,0.3% vs 0.1%,-40.79999999999862,11.600000000000499,-43.199999999998795,-0.09684210526315738
2019-08-13 14:30:00,CPI (YoY)  (Jul),1.8% vs 1.7%,1.8% vs 1.6%,-40.79999999999862,11.600000000000499,-43.199999999998795,-0.09684210526315738
2019-08-13 14:30:00,Core CPI (MoM)  (Jul),0.3% vs 0.2%,0.3% vs 0.3%,-40.79999999999862,11.600000000000499,-43.199999999998795,-0.09684210526315738
2019-08-15 14:30:00,Core Retail Sales (MoM)  (Jul),1.0% vs 0.4%,1.0% vs 0.3%,-33.99999999999848,9.099999999999664,-47.80000000000007,-0.07719298245612016
2019-08-15 14:30:00,Initial Jobless Claims,220K vs 214K,220K vs 211K,-33.99999999999848,9.099999999999664,-47.80000000000007,-0.07719298245612016
2019-08-15 14:30:00,Retail Sales (MoM)  (Jul),0.7% vs 0.3%,0.7% vs 0.3%,-33.99999999999848,9.099999999999664,-47.80000000000007,-0.07719298245612016
2019-08-22 14:30:00,Initial Jobless Claims,209K vs 216K,209K vs 221K,-1.9999999999997797,16.199999999999548,-14.699999999998603,-0.009824561403483537
2019-08-29 14:30:00,GDP (QoQ)  (Q2),2.0% vs 2.0%,2.0% vs 2.1%,-12.199999999999989,22.899999999999032,-28.200000000000447,-0.031107205623910252
2019-08-29 14:30:00,Initial Jobless Claims,215K vs 215K,215K vs 211K,-12.199999999999989,22.899999999999032,-28.200000000000447,-0.031107205623910252
2019-08-30 14:30:00,Core PCE Price Index (MoM)  (Jul),0.2% vs 0.3%,0.2% vs 0.2%,-47.20000000000057,14.300000000000423,-72.00000000000095,-0.09273084479369684
2019-08-30 14:30:00,Core PCE Price Index (YoY)  (Jul),1.6% vs 1.6%,1.6% vs 1.6%,-47.20000000000057,14.300000000000423,-72.00000000000095,-0.09273084479369684
2019-09-03 16:00:00,ISM Manufacturing PMI  (Aug),49.1 vs 51.1,49.1 vs 51.2,6.6000000000010495,14.000000000000679,-16.700000000000603,0.03916666666670584
2019-09-05 14:15:00,ADP Nonfarm Employment Change  (Aug),195K vs 148K,195K vs 142K,-21.999999999999797,27.900000000000702,-24.800000000000377,-0.04598290598289219
2019-09-05 14:30:00,Initial Jobless Claims,217K vs 215K,217K vs 216K,-24.200000000000887,25.699999999999612,-27.000000000001467,-0.04491228070173308
2019-09-05 16:00:00,ISM Non-Manufacturing PMI  (Aug),56.4 vs 54.0,56.4 vs 53.7,-38.3,8.299999999998864,-41.10000000000058,-0.10666666666662995
2019-09-06 14:30:00,Unemployment Rate  (Aug),3.7% vs 3.7%,3.7% vs 3.7%,-11.900000000000244,20.299999999999763,-12.900000000000134,-0.0241176470588335
2019-09-06 14:30:00,Nonfarm Payrolls  (Aug),130K vs 160K,130K vs 159K,-11.900000000000244,20.299999999999763,-12.900000000000134,-0.0241176470588335
2019-09-10 16:00:00,JOLTS Job Openings  (Jul),7.217M vs 7.311M,7.217M vs 7.248M,10.900000000000354,14.300000000000423,-7.299999999998974,0.009791666666638296
2019-09-11 14:30:00,PPI (MoM)  (Aug),0.1% vs 0.1%,0.1% vs 0.2%,4.699999999999704,9.799999999999809,-19.000000000000128,-0.0021052631579085287
2019-09-12 14:30:00,Core CPI (MoM)  (Aug),0.3% vs 0.2%,0.3% vs 0.3%,98.09999999999874,121.99999999999989,-38.3,0.15543859649122577
2019-09-12 14:30:00,CPI (YoY)  (Aug),1.7% vs 1.8%,1.7% vs 1.8%,98.09999999999874,121.99999999999989,-38.3,0.15543859649122577
2019-09-12 14:30:00,CPI (MoM)  (Aug),0.1% vs 0.1%,0.1% vs 0.3%,98.09999999999874,121.99999999999989,-38.3,0.15543859649122577
2019-09-12 14:30:00,Initial Jobless Claims,204K vs 215K,204K vs 219K,98.09999999999874,121.99999999999989,-38.3,0.15543859649122577
2019-09-13 14:30:00,Core Retail Sales (MoM)  (Aug),0.0% vs 0.1%,0.0% vs 1.0%,-16.499999999999293,7.099999999999884,-26.299999999999102,-0.045098039215676955
2019-09-13 14:30:00,Retail Sales (MoM)  (Aug),0.4% vs 0.2%,0.4% vs 0.8%,-16.499999999999293,7.099999999999884,-26.299999999999102,-0.045098039215676955
2019-09-19 14:30:00,Initial Jobless Claims,208K vs 213K,208K vs 206K,-23.699999999999832,4.599999999999049,-26.800000000000157,-0.04859649122806132
2019-09-26 14:30:00,GDP (QoQ)  (Q2),2.0% vs 2.0%,2.0% vs 2.0%,-27.999999999999137,21.899999999999142,-36.599999999999966,-0.06824561403508293
2019-09-26 14:30:00,Initial Jobless Claims,213K vs 212K,213K vs 210K,-27.999999999999137,21.899999999999142,-36.599999999999966,-0.06824561403508293
2019-09-27 14:30:00,Core PCE Price Index (YoY)  (Aug),1.8% vs 1.8%,1.8% vs 1.7%,4.199999999998649,26.100000000000012,-6.00000000000156,-0.0023529411764685875
2019-09-27 14:30:00,Core PCE Price Index (MoM)  (Aug),0.1% vs 0.2%,0.1% vs 0.2%,4.199999999998649,26.100000000000012,-6.00000000000156,-0.0023529411764685875
2019-10-01 16:00:00,ISM Manufacturing PMI  (Sep),47.8 vs 50.4,47.8 vs 49.1,21.100000000000563,33.09999999999924,-24.200000000000887,0.08333333333335192
2019-10-02 14:15:00,ADP Nonfarm Employment Change  (Sep),135K vs 140K,135K vs 157K,31.90000000000026,34.899999999999935,-13.199999999999878,0.05119863013702135
2019-10-03 14:30:00,Initial Jobless Claims,219K vs 215K,219K vs 215K,15.100000000001224,43.50000000000076,-3.1999999999987594,0.010017574692383627
2019-10-03 16:00:00,ISM Non-Manufacturing PMI  (Sep),52.6 vs 55.0,52.6 vs 56.4,-14.199999999999768,14.199999999999768,-25.500000000000522,0.008977035490548348
2019-10-04 14:30:00,Nonfarm Payrolls  (Sep),136K vs 140K,136K vs 168K,-0.9000000000014552,22.100000000000453,-19.900000000001583,-0.01901960784313995
2019-10-04 14:30:00,Unemployment Rate  (Sep),3.5% vs 3.7%,3.5% vs 3.7%,-0.9000000000014552,22.100000000000453,-19.900000000001583,-0.01901960784313995
2019-10-08 14:30:00,PPI (MoM)  (Sep),-0.3% vs 0.1%,-0.3% vs 0.1%,-35.09999999999902,1.7000000000000348,-49.999999999998934,-0.05465729349733943
2019-10-09 16:00:00,JOLTS Job Openings  (Aug),7.051M vs 7.191M,7.051M vs 7.174M,-5.799999999998029,5.00000000000167,-10.899999999998133,-0.007708333333328321
2019-10-10 14:30:00,Core CPI (MoM)  (Sep),0.1% vs 0.2%,0.1% vs 0.3%,-20.200000000001328,2.8999999999990145,-26.399999999999757,-0.03421052631580713
2019-10-10 14:30:00,CPI (MoM)  (Sep),0.0% vs 0.1%,0.0% vs 0.1%,-20.200000000001328,2.8999999999990145,-26.399999999999757,-0.03421052631580713
2019-10-10 14:30:00,CPI (YoY)  (Sep),1.7% vs 1.8%,1.7% vs 1.7%,-20.200000000001328,2.8999999999990145,-26.399999999999757,-0.03421052631580713
2019-10-10 14:30:00,Initial Jobless Claims,210K vs 215K,210K vs 220K,-20.200000000001328,2.8999999999990145,-26.399999999999757,-0.03421052631580713
2019-10-16 14:30:00,Core Retail Sales (MoM)  (Sep),-0.1% vs 0.2%,-0.1% vs 0.2%,29.200000000000337,41.999999999999815,-15.099999999999003,0.07894736842100107
2019-10-16 14:30:00,Retail Sales (MoM)  (Sep),-0.3% vs 0.3%,-0.3% vs 0.6%,29.200000000000337,41.999999999999815,-15.099999999999003,0.07894736842100107
2019-10-17 14:30:00,Initial Jobless Claims,214K vs 212K,214K vs 210K,7.199999999998319,12.600000000000389,-12.100000000001554,0.010017574692371927
2019-10-24 14:30:00,Initial Jobless Claims,212K vs 216K,212K vs 218K,-28.099999999999792,20.400000000000418,-40.299999999999784,-0.05508771929822085
2019-10-30 14:15:00,ADP Nonfarm Employment Change  (Oct),125K vs 120K,125K vs 93K,47.09999999999992,49.300000000001006,-25.699999999999612,0.07692307692309124
2019-10-30 14:30:00,GDP (QoQ)  (Q3),1.9% vs 1.6%,1.9% vs 2.0%,47.29999999999901,49.5000000000001,-25.500000000000522,0.08000000000000987
2019-10-31 14:30:00,Core PCE Price Index (MoM)  (Sep),0.0% vs 0.1%,0.0% vs 0.1%,3.1000000000003247,10.200000000000209,-17.300000000000093,-0.007908611599305898
2019-10-31 14:30:00,Core PCE Price Index (YoY)  (Sep),1.7% vs 1.7%,1.7% vs 1.8%,3.1000000000003247,10.200000000000209,-17.300000000000093,-0.007908611599305898
2019-10-31 14:30:00,Initial Jobless Claims,218K vs 215K,218K vs 213K,3.1000000000003247,10.200000000000209,-17.300000000000093,-0.007908611599305898
2019-11-01 14:30:00,Nonfarm Payrolls  (Oct),128K vs 89K,128K vs 180K,12.199999999999989,19.900000000001583,-5.799999999998029,0.02266666666663259
2019-11-01 14:30:00,Unemployment Rate  (Oct),3.6% vs 3.6%,3.6% vs 3.5%,12.199999999999989,19.900000000001583,-5.799999999998029,0.02266666666663259
2019-11-01 16:00:00,ISM Manufacturing PMI  (Oct),48.3 vs 48.9,48.3 vs 47.8,1.7999999999984695,9.500000000000064,-3.60000000000138,-0.005277777777812354
2019-11-05 17:00:00,ISM Non-Manufacturing PMI  (Oct),54.7 vs 53.5,54.7 vs 52.6,-0.09999999999843467,0.700000000000145,-11.499999999999844,0.002380952380899251
2019-11-05 17:00:00,JOLTS Job Openings  (Sep),7.024M vs 7.028M,7.024M vs 7.301M,-0.09999999999843467,0.700000000000145,-11.499999999999844,0.002380952380899251
2019-11-07 15:30:00,Initial Jobless Claims,211K vs 215K,211K vs 218K,-15.000000000000568,1.7000000000000348,-28.000000000001357,-0.0272549019607147
2019-11-13 15:30:00,CPI (MoM)  (Oct),0.4% vs 0.3%,0.4% vs 0.1%,2.100000000000435,9.700000000001374,-10.600000000000609,-0.0025490196078816053
2019-11-13 15:30:00,CPI (YoY)  (Oct),1.8% vs 1.7%,1.8% vs 1.7%,2.100000000000435,9.700000000001374,-10.600000000000609,-0.0025490196078816053
2019-11-13 15:30:00,Core CPI (MoM)  (Oct),0.2% vs 0.2%,0.2% vs 0.1%,2.100000000000435,9.700000000001374,-10.600000000000609,-0.0025490196078816053
2019-11-14 15:30:00,Initial Jobless Claims,225K vs 215K,225K vs 211K,18.899999999999473,24.500000000000632,-10.300000000000864,0.023529411764698936
2019-11-14 15:30:00,PPI (MoM)  (Oct),0.4% vs 0.3%,0.4% vs -0.3%,18.899999999999473,24.500000000000632,-10.300000000000864,0.023529411764698936
2019-11-15 15:30:00,Core Retail Sales (MoM)  (Oct),0.2% vs 0.4%,0.2% vs -0.1%,9.200000000000319,16.700000000000603,-2.6999999999999247,0.02160356347440048
2019-11-15 15:30:00,Retail Sales (MoM)  (Oct),0.3% vs 0.2%,0.3% vs -0.3%,9.200000000000319,16.700000000000603,-2.6999999999999247,0.02160356347440048
2019-11-21 15:30:00,Initial Jobless Claims,227K vs 219K,227K vs 227K,-12.399999999999078,7.900000000000684,-22.199999999998887,-0.023333333333368643
2019-11-27 15:30:00,GDP (QoQ)  (Q3),2.1% vs 1.9%,2.1% vs 1.9%,8.399999999999519,13.600000000000279,-4.999999999999449,0.004313725490215631
2019-11-27 15:30:00,Initial Jobless Claims,213K vs 223K,213K vs 228K,8.399999999999519,13.600000000000279,-4.999999999999449,0.004313725490215631
2019-11-27 17:00:00,Core PCE Price Index (YoY)  (Oct),1.6% vs 1.7%,1.6% vs 1.7%,6.599999999998829,11.799999999999589,-6.00000000000156,0.008095238095232974
2019-11-27 17:00:00,Core PCE Price Index (MoM)  (Oct),0.1% vs 0.2%,0.1% vs 0.0%,6.599999999998829,11.799999999999589,-6.00000000000156,0.008095238095232974
2019-12-02 17:00:00,ISM Manufacturing PMI  (Nov),48.1 vs 49.2,48.1 vs 48.3,4.500000000000615,18.700000000000383,-1.8999999999991246,0.008809523809475786
2019-12-04 15:15:00,ADP Nonfarm Employment Change  (Nov),67K vs 140K,67K vs 121K,-28.100000000002012,9.999999999998899,-38.90000000000171,-0.061523809523789635
2019-12-04 17:00:00,ISM Non-Manufacturing PMI  (Nov),53.9 vs 54.5,53.9 vs 54.7,-10.000000000001119,3.20000000000098,-20.800000000000818,-0.03738095238094351
2019-12-05 15:30:00,Initial Jobless Claims,203K vs 215K,203K vs 213K,5.599999999998939,9.500000000000064,-8.300000000001084,0.01117647058822579
2019-12-06 15:30:00,Unemployment Rate  (Nov),3.5% vs 3.6%,3.5% vs 3.6%,-20.300000000001983,3.8999999999989043,-34.800000000001496,-0.05777777777768753
2019-12-06 15:30:00,Nonfarm Payrolls  (Nov),266K vs 186K,266K vs 156K,-20.300000000001983,3.8999999999989043,-34.800000000001496,-0.05777777777768753
2019-12-11 15:30:00,Core CPI (MoM)  (Nov),0.2% vs 0.2%,0.2% vs 0.2%,38.79999999999883,50.599999999998424,-11.200000000000099,0.07764705882357659
2019-12-11 15:30:00,CPI (MoM)  (Nov),0.3% vs 0.2%,0.3% vs 0.4%,38.79999999999883,50.599999999998424,-11.200000000000099,0.07764705882357659
2019-12-11 15:30:00,CPI (YoY)  (Nov),2.1% vs 2.0%,2.1% vs 1.8%,38.79999999999883,50.599999999998424,-11.200000000000099,0.07764705882357659
2019-12-12 15:30:00,Initial Jobless Claims,252K vs 213K,252K vs 203K,37.400000000000766,53.600000000000314,-42.9999999999997,0.06196078431375263
2019-12-12 15:30:00,PPI (MoM)  (Nov),0.0% vs 0.2%,0.0% vs 0.4%,37.400000000000766,53.600000000000314,-42.9999999999997,0.06196078431375263
2019-12-13 15:30:00,Core Retail Sales (MoM)  (Nov),0.1% vs 0.4%,0.1% vs 0.3%,-43.80000000000051,6.500000000000394,-49.20000000000036,-0.10177777777777347
2019-12-13 15:30:00,Retail Sales (MoM)  (Nov),0.2% vs 0.5%,0.2% vs 0.4%,-43.80000000000051,6.500000000000394,-49.20000000000036,-0.10177777777777347
2019-12-17 17:00:00,JOLTS Job Openings  (Oct),7.267M vs 7.018M,7.267M vs 7.032M,2.9999999999996696,7.800000000000029,-3.8000000000004697,-0.00930787589500135
2019-12-19 15:30:00,Initial Jobless Claims,234K vs 225K,234K vs 252K,2.500000000000835,9.200000000000319,-14.199999999999768,-0.00039215686277379
2019-12-20 15:30:00,GDP (QoQ)  (Q3),2.1% vs 2.1%,2.1% vs 2.1%,-8.899999999998354,2.100000000000435,-19.599999999999618,-0.028444444444398878
2019-12-20 17:00:00,Core PCE Price Index (YoY)  (Nov),1.6% vs 1.6%,1.6% vs 1.7%,-8.699999999999264,1.40000000000029,-19.400000000000528,-0.036388888888843555
2019-12-20 17:00:00,Core PCE Price Index (MoM)  (Nov),0.1% vs 0.1%,0.1% vs 0.1%,-8.699999999999264,1.40000000000029,-19.400000000000528,-0.036388888888843555
2019-12-26 15:30:00,Initial Jobless Claims,222K vs 224K,222K vs 235K,0.5000000000010552,12.700000000001044,-6.200000000000649,-0.011904761904782622
