datetime,event,delta_prev_fc,pre_pips,pre_max_pips,pre_min_pips,pre_mean_pips,pre_sum_pips
2019-01-03 16:15:00,ADP Nonfarm Employment Change  (Dec),179K vs 157K,22.099999999998232,41.59999999999941,-33.10000000000146,1.3235294117646255,22.499999999998632
2019-01-03 16:30:00,Initial Jobless Claims,220K vs 221K,22.099999999998232,41.59999999999941,-33.10000000000146,1.3235294117646255,22.499999999998632
2019-01-03 18:00:00,ISM Manufacturing PMI  (Dec),57.7 vs 59.3,55.99999999999827,68.69999999999932,-33.10000000000146,2.9526315789473117,56.09999999999893
2019-01-04 16:30:00,Nonfarm Payrolls  (Dec),178K vs 176K,-38.899999999999494,26.500000000000412,-46.39999999999978,-2.3470588235292444,-39.89999999999716
2019-01-04 16:30:00,Unemployment Rate  (Dec),3.7% vs 3.7%,-38.899999999999494,26.500000000000412,-46.39999999999978,-2.3470588235292444,-39.89999999999716
2019-01-07 18:00:00,ISM Non-Manufacturing PMI  (Dec),59.6 vs 60.7,71.79999999999964,77.19999999999949,-0.10000000000065512,3.710526315789357,70.49999999999778
2019-01-08 18:00:00,JOLTS Job Openings  (Nov),7.063M vs 7.131M,-30.90000000000037,10.399999999999299,-51.79999999999963,-1.615789473684278,-30.700000000001282
2019-01-10 16:30:00,Initial Jobless Claims,225K vs 233K,-16.300000000000203,27.800000000000047,-25.699999999999612,-0.9705882352939454,-16.499999999997073
2019-01-11 16:30:00,Core CPI (MoM)  (Dec),0.2% vs 0.2%,-29.29999999999877,40.89999999999927,-41.400000000000325,-1.7529411764704474,-29.799999999997606
2019-01-11 16:30:00,CPI (YoY)  (Dec),1.9% vs 2.2%,-29.29999999999877,40.89999999999927,-41.400000000000325,-1.7529411764704474,-29.799999999997606
2019-01-11 16:30:00,CPI (MoM)  (Dec),-0.1% vs 0.0%,-29.29999999999877,40.89999999999927,-41.400000000000325,-1.7529411764704474,-29.799999999997606
2019-01-15 16:30:00,PPI (MoM)  (Dec),-0.1% vs 0.1%,-13.900000000000023,21.700000000000053,-55.70000000000075,-0.8882352941174578,-15.099999999996783
2019-01-17 16:30:00,Initial Jobless Claims,219K vs 216K,-3.9999999999995595,14.799999999999258,-19.800000000000928,-0.28823529411744553,-4.899999999996574
2019-01-24 16:30:00,Initial Jobless Claims,219K vs 212K,-2.6999999999999247,10.900000000000354,-73.90000000000008,-0.17058823529419026,-2.900000000001235
2019-01-30 16:15:00,ADP Nonfarm Employment Change  (Jan),180K vs 263K,-17.100000000001003,19.099999999998563,-24.600000000001288,-1.0529411764706942,-17.900000000001803
2019-01-31 16:30:00,Initial Jobless Claims,215K vs 200K,-1.40000000000029,35.49999999999942,-7.100000000002105,-0.08235294117635703,-1.3999999999980695
2019-02-01 16:30:00,Nonfarm Payrolls  (Jan),165K vs 222K,29.400000000001647,38.90000000000171,-12.499999999999734,1.7352941176473249,29.500000000004523
2019-02-01 16:30:00,Unemployment Rate  (Jan),3.9% vs 3.9%,29.400000000001647,38.90000000000171,-12.499999999999734,1.7352941176473249,29.500000000004523
2019-02-01 18:00:00,ISM Manufacturing PMI  (Jan),54.2 vs 54.3,26.200000000000667,41.600000000001636,-12.499999999999734,1.3894736842107474,26.400000000004198
2019-02-05 18:00:00,ISM Non-Manufacturing PMI  (Jan),57.2 vs 58.0,-30.29999999999866,5.1000000000001044,-34.19999999999979,-1.615789473684278,-30.700000000001282
2019-02-07 16:30:00,Initial Jobless Claims,221K vs 253K,-14.899999999999913,6.800000000000139,-37.10000000000102,-0.9117647058821873,-15.499999999997183
2019-02-12 18:00:00,JOLTS Job Openings  (Dec),6.900M vs 7.166M,40.299999999999784,46.69999999999952,-17.500000000001403,2.105263157894505,39.999999999995595
2019-02-13 16:30:00,Core CPI (MoM)  (Jan),0.2% vs 0.2%,-26.89999999999859,16.300000000000203,-44.19999999999868,-1.6000000000001633,-27.200000000002778
2019-02-13 16:30:00,CPI (MoM)  (Jan),0.1% vs -0.1%,-26.89999999999859,16.300000000000203,-44.19999999999868,-1.6000000000001633,-27.200000000002778
2019-02-13 16:30:00,CPI (YoY)  (Jan),1.5% vs 1.9%,-26.89999999999859,16.300000000000203,-44.19999999999868,-1.6000000000001633,-27.200000000002778
2019-02-14 16:30:00,Core Retail Sales (MoM)  (Dec),0.0% vs 0.2%,35.70000000000073,49.70000000000141,-11.099999999999444,2.111764705882604,35.90000000000426
2019-02-14 16:30:00,Initial Jobless Claims,225K vs 235K,35.70000000000073,49.70000000000141,-11.099999999999444,2.111764705882604,35.90000000000426
2019-02-14 16:30:00,PPI (MoM)  (Jan),0.1% vs -0.1%,35.70000000000073,49.70000000000141,-11.099999999999444,2.111764705882604,35.90000000000426
2019-02-14 16:30:00,Retail Sales (MoM)  (Dec),0.1% vs 0.1%,35.70000000000073,49.70000000000141,-11.099999999999444,2.111764705882604,35.90000000000426
2019-02-21 16:30:00,Initial Jobless Claims,220K vs 239K,6.999999999999229,30.399999999999316,-15.700000000000713,0.3823529411764938,6.500000000000394
2019-02-28 16:30:00,GDP (QoQ)  (Q4),2.6% vs 3.4%,14.099999999999113,50.599999999998424,-1.9999999999997797,0.8352941176471759,14.200000000001989
2019-02-28 16:30:00,Initial Jobless Claims,221K vs 217K,14.099999999999113,50.599999999998424,-1.9999999999997797,0.8352941176471759,14.200000000001989
2019-03-01 16:30:00,Core PCE Price Index (YoY)  (Dec),1.9% vs 1.9%,25.699999999999612,29.50000000000008,-17.300000000000093,1.523529411764891,25.900000000003143
2019-03-01 16:30:00,Core PCE Price Index (MoM)  (Dec),0.2% vs 0.2%,25.699999999999612,29.50000000000008,-17.300000000000093,1.523529411764891,25.900000000003143
2019-03-01 18:00:00,ISM Manufacturing PMI  (Feb),55.5 vs 56.6,4.299999999999304,37.8999999999996,-17.300000000000093,0.24736842105273288,4.700000000001925
2019-03-05 18:00:00,ISM Non-Manufacturing PMI  (Feb),57.3 vs 56.7,-40.79999999999862,1.40000000000029,-47.50000000000032,-2.231578947368199,-42.39999999999577
2019-03-06 16:15:00,ADP Nonfarm Employment Change  (Feb),189K vs 300K,2.60000000000149,9.700000000001374,-21.700000000000053,0.16470588235297529,2.80000000000058
2019-03-07 16:30:00,Initial Jobless Claims,225K vs 226K,-73.00000000000084,14.300000000000423,-76.1999999999996,-4.300000000000219,-73.10000000000372
2019-03-08 16:30:00,Nonfarm Payrolls  (Feb),181K vs 311K,33.00000000000081,48.200000000000465,-7.699999999999374,1.917647058823684,32.60000000000262
2019-03-08 16:30:00,Unemployment Rate  (Feb),3.9% vs 4.0%,33.00000000000081,48.200000000000465,-7.699999999999374,1.917647058823684,32.60000000000262
2019-03-11 15:30:00,Core Retail Sales (MoM)  (Jan),0.4% vs -2.1%,13.900000000000023,24.800000000000377,-10.600000000000609,0.8562500000004747,13.700000000007595
2019-03-11 15:30:00,Retail Sales (MoM)  (Jan),0.0% vs -1.6%,13.900000000000023,24.800000000000377,-10.600000000000609,0.8562500000004747,13.700000000007595
2019-03-12 15:30:00,Core CPI (MoM)  (Feb),0.2% vs 0.2%,30.89999999999815,35.799999999999166,-1.6000000000016001,1.9125000000000392,30.600000000000627
2019-03-12 15:30:00,CPI (MoM)  (Feb),0.2% vs 0.0%,30.89999999999815,35.799999999999166,-1.6000000000016001,1.9125000000000392,30.600000000000627
2019-03-12 15:30:00,CPI (YoY)  (Feb),1.6% vs 1.6%,30.89999999999815,35.799999999999166,-1.6000000000016001,1.9125000000000392,30.600000000000627
2019-03-13 15:30:00,PPI (MoM)  (Feb),0.2% vs -0.1%,19.299999999999873,24.600000000001288,-10.600000000000609,1.1749999999997873,18.799999999996597
2019-03-14 15:30:00,Initial Jobless Claims,225K vs 223K,-30.600000000000627,7.099999999999884,-36.40000000000087,-1.962500000000228,-31.400000000003647
2019-03-15 17:00:00,JOLTS Job Openings  (Jan),7.310M vs 7.479M,22.200000000001108,39.9000000000016,-4.3999999999999595,1.2388888888893568,22.300000000008424
2019-03-21 15:30:00,Initial Jobless Claims,226K vs 230K,-32.29999999999844,13.199999999999878,-45.49999999999832,-2.024999999999805,-32.39999999999688
2019-03-28 15:30:00,GDP (QoQ)  (Q4),2.4% vs 2.6%,-34.09999999999913,9.900000000000464,-37.799999999998946,-2.1375000000001254,-34.20000000000201
2019-03-28 15:30:00,Initial Jobless Claims,220K vs 216K,-34.09999999999913,9.900000000000464,-37.799999999998946,-2.1375000000001254,-34.20000000000201
2019-03-29 15:30:00,Core PCE Price Index (YoY)  (Jan),1.9% vs 2.0%,8.599999999998609,20.199999999999108,-16.599999999999948,0.5437500000002315,8.700000000003705
2019-03-29 15:30:00,Core PCE Price Index (MoM)  (Jan),0.2% vs 0.2%,8.599999999998609,20.199999999999108,-16.599999999999948,0.5437500000002315,8.700000000003705
2019-04-01 15:30:00,Core Retail Sales (MoM)  (Feb),0.4% vs 1.4%,7.399999999999629,21.700000000000053,-8.00000000000134,0.4062499999997471,6.4999999999959535
2019-04-01 15:30:00,Retail Sales (MoM)  (Feb),0.3% vs 0.7%,7.399999999999629,21.700000000000053,-8.00000000000134,0.4062499999997471,6.4999999999959535
2019-04-01 17:00:00,ISM Manufacturing PMI  (Mar),54.5 vs 54.2,-18.700000000000383,21.700000000000053,-19.600000000001838,-1.0777777777779305,-19.40000000000275
2019-04-03 15:15:00,ADP Nonfarm Employment Change  (Mar),184K vs 197K,30.399999999999316,52.39999999999911,-0.700000000000145,1.9187499999996638,30.69999999999462
2019-04-03 17:00:00,ISM Non-Manufacturing PMI  (Mar),58.1 vs 59.7,39.39999999999833,52.39999999999911,-0.700000000000145,2.19999999999961,39.599999999992974
2019-04-04 15:30:00,Initial Jobless Claims,216K vs 212K,-23.300000000001653,10.599999999998388,-31.000000000001027,-1.4875000000000305,-23.800000000000487
2019-04-05 15:30:00,Nonfarm Payrolls  (Mar),175K vs 33K,4.8000000000003595,26.500000000000412,-3.9999999999995595,0.24375000000020908,3.9000000000033452
2019-04-05 15:30:00,Unemployment Rate  (Mar),3.8% vs 3.8%,4.8000000000003595,26.500000000000412,-3.9999999999995595,0.24375000000020908,3.9000000000033452
2019-04-09 17:00:00,JOLTS Job Openings  (Feb),7.550M vs 7.625M,16.499999999999293,23.599999999999177,-5.699999999999594,0.8777777777777305,15.799999999999148
2019-04-10 15:30:00,Core CPI (MoM)  (Mar),0.2% vs 0.1%,-23.200000000000998,23.199999999998777,-35.00000000000058,-1.431250000000217,-22.900000000003473
2019-04-10 15:30:00,CPI (MoM)  (Mar),0.3% vs 0.2%,-23.200000000000998,23.199999999998777,-35.00000000000058,-1.431250000000217,-22.900000000003473
2019-04-10 15:30:00,CPI (YoY)  (Mar),1.8% vs 1.5%,-23.200000000000998,23.199999999998777,-35.00000000000058,-1.431250000000217,-22.900000000003473
2019-04-11 15:30:00,Initial Jobless Claims,211K vs 204K,-3.6999999999998145,12.499999999999734,-19.400000000000528,-0.2499999999998337,-3.999999999997339
2019-04-11 15:30:00,PPI (MoM)  (Mar),0.3% vs 0.1%,-3.6999999999998145,12.499999999999734,-19.400000000000528,-0.2499999999998337,-3.999999999997339
2019-04-18 15:30:00,Core Retail Sales (MoM)  (Mar),0.7% vs -0.2%,-48.39999999999955,6.099999999999994,-61.89999999999918,-3.049999999999997,-48.799999999999955
2019-04-18 15:30:00,Initial Jobless Claims,205K vs 197K,-48.39999999999955,6.099999999999994,-61.89999999999918,-3.049999999999997,-48.799999999999955
2019-04-18 15:30:00,Retail Sales (MoM)  (Mar),0.9% vs -0.2%,-48.39999999999955,6.099999999999994,-61.89999999999918,-3.049999999999997,-48.799999999999955
2019-04-25 15:30:00,Initial Jobless Claims,199K vs 193K,-13.399999999998968,7.200000000000539,-37.30000000000011,-0.850000000000295,-13.60000000000472
2019-04-26 15:30:00,GDP (QoQ)  (Q1),2.0% vs 2.2%,19.400000000000528,24.500000000000632,-23.499999999998522,1.2000000000000899,19.200000000001438
2019-04-29 15:30:00,Core PCE Price Index (MoM)  (Feb),0.2% vs 0.1%,1.900000000001345,18.60000000000195,-3.4999999999985043,0.1125000000001819,1.8000000000029104
2019-04-29 15:30:00,Core PCE Price Index (YoY)  (Mar),1.7% vs 1.7%,1.900000000001345,18.60000000000195,-3.4999999999985043,0.1125000000001819,1.8000000000029104
2019-04-29 15:30:00,Core PCE Price Index (MoM)  (Mar),0.1% vs 0.1%,1.900000000001345,18.60000000000195,-3.4999999999985043,0.1125000000001819,1.8000000000029104
2019-04-29 15:30:00,Core PCE Price Index (YoY)  (Feb),1.7% vs 1.8%,1.900000000001345,18.60000000000195,-3.4999999999985043,0.1125000000001819,1.8000000000029104
2019-05-01 15:15:00,ADP Nonfarm Employment Change  (Apr),181K vs 151K,12.999999999998568,24.800000000000377,-4.20000000000087,0.8187499999996739,13.099999999994782
2019-05-01 17:00:00,ISM Manufacturing PMI  (Apr),55.0 vs 55.3,30.399999999999316,35.09999999999902,-4.20000000000087,1.6666666666662364,29.999999999992255
2019-05-02 15:30:00,Initial Jobless Claims,220K vs 230K,-13.699999999998713,20.000000000000018,-23.199999999998777,-0.8437499999998377,-13.499999999997403
2019-05-03 15:30:00,Nonfarm Payrolls  (Apr),181K vs 189K,-5.899999999998684,5.700000000001815,-36.89999999999971,-0.3875000000000406,-6.200000000000649
2019-05-03 15:30:00,Unemployment Rate  (Apr),3.8% vs 3.8%,-5.899999999998684,5.700000000001815,-36.89999999999971,-0.3875000000000406,-6.200000000000649
2019-05-03 17:00:00,ISM Non-Manufacturing PMI  (Apr),57.2 vs 56.1,16.00000000000046,27.900000000000702,-36.89999999999971,0.5944444444443914,10.699999999999044
2019-05-07 17:00:00,JOLTS Job Openings  (Mar),7.350M vs 7.142M,-17.000000000000348,23.100000000000342,-19.899999999999363,-0.9277777777774412,-16.699999999993942
2019-05-09 15:30:00,Initial Jobless Claims,215K vs 230K,41.20000000000124,48.50000000000021,-20.599999999999508,2.5499999999999137,40.79999999999862
2019-05-09 15:30:00,PPI (MoM)  (Apr),0.2% vs 0.6%,41.20000000000124,48.50000000000021,-20.599999999999508,2.5499999999999137,40.79999999999862
2019-05-10 15:30:00,Core CPI (MoM)  (Apr),0.2% vs 0.1%,27.200000000000557,31.200000000000117,-0.5999999999994898,1.7000000000000348,27.200000000000557
2019-05-10 15:30:00,CPI (MoM)  (Apr),0.4% vs 0.4%,27.200000000000557,31.200000000000117,-0.5999999999994898,1.7000000000000348,27.200000000000557
2019-05-10 15:30:00,CPI (YoY)  (Apr),2.1% vs 1.9%,27.200000000000557,31.200000000000117,-0.5999999999994898,1.7000000000000348,27.200000000000557
2019-05-15 15:30:00,Core Retail Sales (MoM)  (Apr),0.7% vs 1.3%,-21.299999999999653,9.799999999999809,-29.09999999999968,-1.3124999999998554,-20.999999999997687
2019-05-15 15:30:00,Retail Sales (MoM)  (Apr),0.2% vs 1.7%,-21.299999999999653,9.799999999999809,-29.09999999999968,-1.3124999999998554,-20.999999999997687
2019-05-16 15:30:00,Initial Jobless Claims,220K vs 228K,-18.500000000001293,19.099999999998563,-21.700000000000053,-1.1687499999998852,-18.699999999998163
2019-05-23 15:30:00,Initial Jobless Claims,215K vs 212K,-19.800000000000928,4.299999999999304,-45.80000000000028,-1.2374999999999192,-19.799999999998708
2019-05-30 15:30:00,GDP (QoQ)  (Q1),3.1% vs 2.2%,-11.999999999998678,8.00000000000134,-19.299999999999873,-0.768750000000179,-12.300000000002864
2019-05-30 15:30:00,Initial Jobless Claims,216K vs 212K,-11.999999999998678,8.00000000000134,-19.299999999999873,-0.768750000000179,-12.300000000002864
2019-05-31 15:30:00,Core PCE Price Index (MoM)  (Apr),0.2% vs 0.1%,29.300000000000992,35.49999999999942,-4.199999999998649,1.875000000000071,30.000000000001137
2019-05-31 15:30:00,Core PCE Price Index (YoY)  (Apr),1.6% vs 1.5%,29.300000000000992,35.49999999999942,-4.199999999998649,1.875000000000071,30.000000000001137
2019-06-03 17:00:00,ISM Manufacturing PMI  (May),53.0 vs 52.8,36.300000000000225,40.79999999999862,-8.00000000000134,2.022222222222271,36.40000000000087
2019-06-05 15:15:00,ADP Nonfarm Employment Change  (May),180K vs 271K,20.800000000000818,53.19999999999992,-2.8999999999990145,1.3187499999997576,21.099999999996122
2019-06-05 17:00:00,ISM Non-Manufacturing PMI  (May),55.5 vs 55.5,-10.999999999998789,53.19999999999992,-13.099999999999223,-0.5722222222223936,-10.300000000003084
2019-06-06 15:30:00,Initial Jobless Claims,215K vs 218K,27.999999999999137,82.40000000000025,-25.800000000000267,1.7562500000001258,28.100000000002012
2019-06-07 15:30:00,Nonfarm Payrolls  (May),185K vs 224K,42.599999999999305,50.200000000000244,-25.200000000000777,2.637499999999932,42.19999999999891
2019-06-07 15:30:00,Unemployment Rate  (May),3.6% vs 3.6%,42.599999999999305,50.200000000000244,-25.200000000000777,2.637499999999932,42.19999999999891
2019-06-10 17:00:00,JOLTS Job Openings  (Apr),7.479M vs 7.474M,-17.400000000000748,3.5000000000007248,-37.10000000000102,-1.0222222222221344,-18.399999999998418
2019-06-11 15:30:00,PPI (MoM)  (May),0.1% vs 0.2%,2.1999999999988695,18.899999999999473,-11.499999999999844,0.12499999999998623,1.9999999999997797
2019-06-12 15:30:00,Core CPI (MoM)  (May),0.2% vs 0.1%,-12.000000000000899,16.299999999997983,-19.900000000001583,-0.7562500000002359,-12.100000000003774
2019-06-12 15:30:00,CPI (MoM)  (May),0.1% vs 0.3%,-12.000000000000899,16.299999999997983,-19.900000000001583,-0.7562500000002359,-12.100000000003774
2019-06-12 15:30:00,CPI (YoY)  (May),1.9% vs 2.0%,-12.000000000000899,16.299999999997983,-19.900000000001583,-0.7562500000002359,-12.100000000003774
2019-06-13 15:30:00,Initial Jobless Claims,216K vs 219K,-19.599999999999618,11.900000000000244,-20.200000000001328,-1.2374999999996417,-19.799999999994267
2019-06-14 15:30:00,Core Retail Sales (MoM)  (May),0.5% vs 0.5%,-35.80000000000139,11.900000000000244,-46.10000000000003,-2.225000000000005,-35.60000000000008
2019-06-14 15:30:00,Retail Sales (MoM)  (May),0.7% vs 0.3%,-35.80000000000139,11.900000000000244,-46.10000000000003,-2.225000000000005,-35.60000000000008
2019-06-20 15:30:00,Initial Jobless Claims,220K vs 222K,66.8000000000002,88.29999999999893,0.0,4.1499999999998485,66.39999999999758
2019-06-27 15:30:00,GDP (QoQ)  (Q1),3.1% vs 3.1%,-15.399999999998748,7.500000000000284,-26.199999999998447,-0.9874999999996692,-15.799999999994707
2019-06-27 15:30:00,Initial Jobless Claims,220K vs 217K,-15.399999999998748,7.500000000000284,-26.199999999998447,-0.9874999999996692,-15.799999999994707
2019-06-28 15:30:00,Core PCE Price Index (MoM)  (May),0.2% vs 0.2%,14.499999999999513,24.899999999998812,-7.800000000000029,0.8937499999998877,14.299999999998203
2019-06-28 15:30:00,Core PCE Price Index (YoY)  (May),1.6% vs 1.6%,14.499999999999513,24.899999999998812,-7.800000000000029,0.8937499999998877,14.299999999998203
2019-07-01 17:00:00,ISM Manufacturing PMI  (Jun),51.0 vs 52.1,-59.70000000000031,4.599999999999049,-62.699999999999974,-3.31666666666693,-59.70000000000475
2019-07-03 15:15:00,ADP Nonfarm Employment Change  (Jun),140K vs 41K,1.500000000000945,10.699999999999044,-20.700000000000163,0.13750000000006812,2.20000000000109
2019-07-03 15:30:00,Initial Jobless Claims,220K vs 229K,1.500000000000945,10.699999999999044,-20.700000000000163,0.13750000000006812,2.20000000000109
2019-07-03 17:00:00,ISM Non-Manufacturing PMI  (Jun),56.1 vs 56.9,-14.600000000000168,22.999999999999687,-20.700000000000163,-0.7666666666666316,-13.799999999999368
2019-07-05 15:30:00,Nonfarm Payrolls  (Jun),160K vs 72K,-66.2000000000007,2.4000000000001798,-70.00000000000117,-4.1499999999998485,-66.39999999999758
2019-07-05 15:30:00,Unemployment Rate  (Jun),3.6% vs 3.6%,-66.2000000000007,2.4000000000001798,-70.00000000000117,-4.1499999999998485,-66.39999999999758
2019-07-09 17:00:00,JOLTS Job Openings  (May),7.470M vs 7.372M,-6.800000000000139,2.8999999999990145,-22.500000000000853,-0.3888888888888461,-6.999999999999229
2019-07-11 15:30:00,Core CPI (MoM)  (Jun),0.2% vs 0.1%,3.2999999999994145,31.90000000000026,-2.20000000000109,0.1937500000000203,3.1000000000003247
2019-07-11 15:30:00,CPI (YoY)  (Jun),1.6% vs 1.8%,3.2999999999994145,31.90000000000026,-2.20000000000109,0.1937500000000203,3.1000000000003247
2019-07-11 15:30:00,CPI (MoM)  (Jun),0.0% vs 0.1%,3.2999999999994145,31.90000000000026,-2.20000000000109,0.1937500000000203,3.1000000000003247
2019-07-11 15:30:00,Initial Jobless Claims,220K vs 222K,3.2999999999994145,31.90000000000026,-2.20000000000109,0.1937500000000203,3.1000000000003247
2019-07-12 15:30:00,PPI (MoM)  (Jun),0.1% vs 0.1%,-4.500000000000615,21.700000000000053,-15.000000000000568,-0.2874999999998018,-4.599999999996829
2019-07-16 15:30:00,Core Retail Sales (MoM)  (Jun),0.1% vs 0.4%,-42.599999999999305,2.5999999999992696,-51.699999999998965,-2.6937499999998837,-43.09999999999814
2019-07-16 15:30:00,Retail Sales (MoM)  (Jun),0.1% vs 0.4%,-42.599999999999305,2.5999999999992696,-51.699999999998965,-2.6937499999998837,-43.09999999999814
2019-07-18 15:30:00,Initial Jobless Claims,216K vs 208K,-10.40000000000152,16.799999999999038,-22.000000000002018,-0.6562500000001359,-10.500000000002174
2019-07-25 15:30:00,Initial Jobless Claims,220K vs 216K,38.3,43.80000000000051,-41.199999999999015,2.362499999999934,37.799999999998946
2019-07-26 15:30:00,GDP (QoQ)  (Q2),1.8% vs 3.1%,-16.80000000000126,3.4999999999985043,-21.999999999999797,-1.0749999999999649,-17.199999999999438
2019-07-30 15:30:00,Core PCE Price Index (YoY)  (Jun),1.7% vs 1.5%,3.4999999999985043,13.599999999998058,-14.000000000000679,0.1750000000003138,2.8000000000050207
2019-07-30 15:30:00,Core PCE Price Index (MoM)  (Jun),0.2% vs 0.2%,3.4999999999985043,13.599999999998058,-14.000000000000679,0.1750000000003138,2.8000000000050207
2019-07-31 15:15:00,ADP Nonfarm Employment Change  (Jul),150K vs 112K,-13.499999999999623,6.900000000000794,-16.599999999999948,-0.7999999999999674,-12.799999999999478
2019-08-01 15:30:00,Initial Jobless Claims,214K vs 207K,-28.599999999998627,7.600000000000939,-45.09999999999792,-1.7812500000001508,-28.500000000002412
2019-08-01 17:00:00,ISM Manufacturing PMI  (Jul),52.0 vs 51.7,-11.299999999998533,7.600000000000939,-45.09999999999792,-0.6166666666667592,-11.100000000001664
2019-08-02 15:30:00,Nonfarm Payrolls  (Jul),164K vs 193K,17.799999999998928,32.29999999999844,-13.100000000001444,1.0812500000000058,17.300000000000093
2019-08-02 15:30:00,Unemployment Rate  (Jul),3.7% vs 3.7%,17.799999999998928,32.29999999999844,-13.100000000001444,1.0812500000000058,17.300000000000093
2019-08-05 17:00:00,ISM Non-Manufacturing PMI  (Jul),55.5 vs 55.1,88.3999999999996,91.79999999999966,-3.8999999999989043,4.911111111111088,88.3999999999996
2019-08-06 17:00:00,JOLTS Job Openings  (Jun),7.450M vs 7.384M,-17.100000000001003,36.19999999999956,-46.00000000000159,-0.9444444444447104,-17.00000000000479
2019-08-08 15:30:00,Initial Jobless Claims,215K vs 217K,-4.599999999999049,26.399999999999757,-20.100000000000673,-0.2999999999998837,-4.799999999998139
2019-08-09 15:30:00,PPI (MoM)  (Jul),0.2% vs 0.1%,-0.40000000000040004,14.600000000000168,-9.999999999998899,-0.043750000000286615,-0.7000000000045858
2019-08-13 15:30:00,Core CPI (MoM)  (Jul),0.2% vs 0.3%,-30.69999999999906,13.199999999999878,-45.199999999998575,-1.9249999999999823,-30.799999999999716
2019-08-13 15:30:00,CPI (YoY)  (Jul),1.7% vs 1.6%,-30.69999999999906,13.199999999999878,-45.199999999998575,-1.9249999999999823,-30.799999999999716
2019-08-13 15:30:00,CPI (MoM)  (Jul),0.3% vs 0.1%,-30.69999999999906,13.199999999999878,-45.199999999998575,-1.9249999999999823,-30.799999999999716
2019-08-15 15:30:00,Core Retail Sales (MoM)  (Jul),0.4% vs 0.3%,-28.700000000001502,17.300000000000093,-33.700000000000955,-1.7812499999998732,-28.49999999999797
2019-08-15 15:30:00,Initial Jobless Claims,214K vs 211K,-28.700000000001502,17.300000000000093,-33.700000000000955,-1.7812499999998732,-28.49999999999797
2019-08-15 15:30:00,Retail Sales (MoM)  (Jul),0.3% vs 0.3%,-28.700000000001502,17.300000000000093,-33.700000000000955,-1.7812499999998732,-28.49999999999797
2019-08-22 15:30:00,Initial Jobless Claims,216K vs 221K,7.500000000000284,24.599999999999067,-24.900000000001032,0.45625000000007465,7.300000000001194
2019-08-29 15:30:00,GDP (QoQ)  (Q2),2.0% vs 2.1%,-18.199999999999328,6.6000000000010495,-24.999999999999467,-1.1875000000001468,-19.00000000000235
2019-08-29 15:30:00,Initial Jobless Claims,215K vs 211K,-18.199999999999328,6.6000000000010495,-24.999999999999467,-1.1875000000001468,-19.00000000000235
2019-08-30 15:30:00,Core PCE Price Index (MoM)  (Jul),0.3% vs 0.2%,-13.499999999999623,2.4000000000001798,-24.699999999999722,-0.87500000000032,-14.00000000000512
2019-08-30 15:30:00,Core PCE Price Index (YoY)  (Jul),1.6% vs 1.6%,-13.499999999999623,2.4000000000001798,-24.699999999999722,-0.87500000000032,-14.00000000000512
2019-09-03 17:00:00,ISM Manufacturing PMI  (Aug),51.1 vs 51.2,-2.5999999999992696,9.200000000000319,-43.400000000000105,-0.17222222222199354,-3.099999999995884
2019-09-05 15:15:00,ADP Nonfarm Employment Change  (Aug),148K vs 142K,47.09999999999992,50.400000000001555,-17.699999999998273,2.8937499999996676,46.29999999999468
2019-09-05 15:30:00,Initial Jobless Claims,215K vs 216K,47.09999999999992,50.400000000001555,-17.699999999998273,2.8937499999996676,46.29999999999468
2019-09-05 17:00:00,ISM Non-Manufacturing PMI  (Aug),54.0 vs 53.7,3.300000000001635,50.400000000001555,-17.699999999998273,0.12777777777762803,2.299999999997304
2019-09-06 15:30:00,Nonfarm Payrolls  (Aug),160K vs 159K,15.399999999998748,22.400000000000198,-14.700000000000824,0.937499999999758,14.999999999996128
2019-09-06 15:30:00,Unemployment Rate  (Aug),3.7% vs 3.7%,15.399999999998748,22.400000000000198,-14.700000000000824,0.937499999999758,14.999999999996128
2019-09-10 17:00:00,JOLTS Job Openings  (Jul),7.311M vs 7.248M,-6.800000000000139,10.699999999999044,-18.299999999999983,-0.3611111111112564,-6.500000000002615
2019-09-11 15:30:00,PPI (MoM)  (Aug),0.1% vs 0.2%,-53.49999999999966,6.900000000000794,-55.09999999999904,-3.356250000000199,-53.700000000003186
2019-09-12 15:30:00,Core CPI (MoM)  (Aug),0.2% vs 0.3%,26.699999999999502,60.2999999999998,-81.8999999999992,1.7125000000002555,27.400000000004088
2019-09-12 15:30:00,CPI (YoY)  (Aug),1.8% vs 1.8%,26.699999999999502,60.2999999999998,-81.8999999999992,1.7125000000002555,27.400000000004088
2019-09-12 15:30:00,CPI (MoM)  (Aug),0.1% vs 0.3%,26.699999999999502,60.2999999999998,-81.8999999999992,1.7125000000002555,27.400000000004088
2019-09-12 15:30:00,Initial Jobless Claims,215K vs 219K,26.699999999999502,60.2999999999998,-81.8999999999992,1.7125000000002555,27.400000000004088
2019-09-13 15:30:00,Core Retail Sales (MoM)  (Aug),0.1% vs 1.0%,5.299999999999194,46.200000000000685,-7.800000000000029,0.28124999999989964,4.499999999998394
2019-09-13 15:30:00,Retail Sales (MoM)  (Aug),0.2% vs 0.8%,5.299999999999194,46.200000000000685,-7.800000000000029,0.28124999999989964,4.499999999998394
2019-09-19 15:30:00,Initial Jobless Claims,213K vs 206K,28.599999999998627,41.29999999999967,-9.300000000000974,1.7812500000001508,28.500000000002412
2019-09-26 15:30:00,GDP (QoQ)  (Q2),2.0% vs 2.0%,19.700000000000273,23.699999999999832,-20.999999999999908,1.2187500000002127,19.500000000003403
2019-09-26 15:30:00,Initial Jobless Claims,212K vs 210K,19.700000000000273,23.699999999999832,-20.999999999999908,1.2187500000002127,19.500000000003403
2019-09-27 15:30:00,Core PCE Price Index (MoM)  (Aug),0.2% vs 0.2%,17.499999999999183,31.49999999999986,-12.600000000000389,1.068749999999924,17.099999999998783
2019-09-27 15:30:00,Core PCE Price Index (YoY)  (Aug),1.8% vs 1.7%,17.499999999999183,31.49999999999986,-12.600000000000389,1.068749999999924,17.099999999998783
2019-10-01 17:00:00,ISM Manufacturing PMI  (Sep),50.4 vs 49.1,33.09999999999924,36.19999999999956,-19.299999999999873,1.7777777777778287,32.00000000000092
2019-10-02 15:15:00,ADP Nonfarm Employment Change  (Sep),140K vs 157K,16.00000000000046,18.400000000000638,-27.099999999999902,0.9937500000002653,15.900000000004244
2019-10-03 15:30:00,Initial Jobless Claims,215K vs 215K,-0.7999999999985796,13.199999999999878,-19.700000000000273,-0.075000000000075,-1.2000000000012
2019-10-03 17:00:00,ISM Non-Manufacturing PMI  (Sep),55.0 vs 56.4,29.700000000001392,38.7000000000004,-19.700000000000273,1.599999999999873,28.799999999997716
2019-10-04 15:30:00,Nonfarm Payrolls  (Sep),140K vs 168K,-0.9999999999998899,28.200000000000447,-13.800000000001589,-0.05000000000032756,-0.800000000005241
2019-10-04 15:30:00,Unemployment Rate  (Sep),3.7% vs 3.7%,-0.9999999999998899,28.200000000000447,-13.800000000001589,-0.05000000000032756,-0.800000000005241
2019-10-08 15:30:00,PPI (MoM)  (Sep),0.1% vs 0.1%,3.20000000000098,25.200000000000777,-5.800000000000249,0.15625000000005218,2.500000000000835
2019-10-09 17:00:00,JOLTS Job Openings  (Aug),7.191M vs 7.174M,21.899999999999142,34.19999999999979,-0.9999999999998899,1.1999999999998432,21.599999999997177
2019-10-10 15:30:00,Core CPI (MoM)  (Sep),0.2% vs 0.3%,46.299999999999116,60.79999999999863,-0.30000000000196536,2.931250000000052,46.90000000000083
2019-10-10 15:30:00,CPI (MoM)  (Sep),0.1% vs 0.1%,46.299999999999116,60.79999999999863,-0.30000000000196536,2.931250000000052,46.90000000000083
2019-10-10 15:30:00,CPI (YoY)  (Sep),1.8% vs 1.7%,46.299999999999116,60.79999999999863,-0.30000000000196536,2.931250000000052,46.90000000000083
2019-10-10 15:30:00,Initial Jobless Claims,215K vs 220K,46.299999999999116,60.79999999999863,-0.30000000000196536,2.931250000000052,46.90000000000083
2019-10-16 15:30:00,Core Retail Sales (MoM)  (Sep),0.2% vs 0.2%,21.599999999999397,28.900000000000592,-8.699999999999264,1.281250000000067,20.500000000001073
2019-10-16 15:30:00,Retail Sales (MoM)  (Sep),0.3% vs 0.6%,21.599999999999397,28.900000000000592,-8.699999999999264,1.281250000000067,20.500000000001073
2019-10-17 15:30:00,Initial Jobless Claims,212K vs 210K,50.499999999999986,66.99999999999929,-7.800000000000029,3.1374999999998767,50.19999999999803
2019-10-24 15:30:00,Initial Jobless Claims,216K vs 218K,-15.600000000000058,30.90000000000037,-20.400000000000418,-1.0062499999999308,-16.099999999998893
2019-10-30 15:15:00,ADP Nonfarm Employment Change  (Oct),120K vs 93K,-4.299999999999304,15.100000000001224,-9.799999999999809,-0.2812500000000384,-4.500000000000615
2019-10-30 15:30:00,GDP (QoQ)  (Q3),1.6% vs 2.0%,-4.299999999999304,15.100000000001224,-9.799999999999809,-0.2812500000000384,-4.500000000000615
2019-10-31 15:30:00,Core PCE Price Index (MoM)  (Sep),0.1% vs 0.1%,-4.100000000000215,23.200000000000998,-10.699999999999044,-0.2812500000000384,-4.500000000000615
2019-10-31 15:30:00,Core PCE Price Index (YoY)  (Sep),1.7% vs 1.8%,-4.100000000000215,23.200000000000998,-10.699999999999044,-0.2812500000000384,-4.500000000000615
2019-10-31 15:30:00,Initial Jobless Claims,215K vs 213K,-4.100000000000215,23.200000000000998,-10.699999999999044,-0.2812500000000384,-4.500000000000615
2019-11-01 15:30:00,Nonfarm Payrolls  (Oct),89K vs 180K,-4.999999999999449,16.900000000001913,-23.799999999998267,-0.3499999999997949,-5.599999999996719
2019-11-01 15:30:00,Unemployment Rate  (Oct),3.6% vs 3.5%,-4.999999999999449,16.900000000001913,-23.799999999998267,-0.3499999999997949,-5.599999999996719
2019-11-01 17:00:00,ISM Manufacturing PMI  (Oct),48.9 vs 47.8,16.599999999999948,19.900000000001583,-23.799999999998267,0.8666666666667933,15.600000000002279
2019-11-05 18:00:00,ISM Non-Manufacturing PMI  (Oct),53.5 vs 52.6,-57.300000000000125,13.199999999999878,-63.10000000000038,-3.0789473684211224,-58.50000000000133
2019-11-05 18:00:00,JOLTS Job Openings  (Sep),7.028M vs 7.301M,-57.300000000000125,13.199999999999878,-63.10000000000038,-3.0789473684211224,-58.50000000000133
2019-11-07 16:30:00,Initial Jobless Claims,215K vs 218K,-2.2999999999995246,25.600000000001177,-10.999999999998789,-0.10000000000000205,-1.7000000000000348
2019-11-13 16:30:00,Core CPI (MoM)  (Oct),0.2% vs 0.1%,3.4000000000000696,11.400000000001409,-9.899999999998244,0.1882352941177047,3.20000000000098
2019-11-13 16:30:00,CPI (MoM)  (Oct),0.3% vs 0.1%,3.4000000000000696,11.400000000001409,-9.899999999998244,0.1882352941177047,3.20000000000098
2019-11-13 16:30:00,CPI (YoY)  (Oct),1.7% vs 1.7%,3.4000000000000696,11.400000000001409,-9.899999999998244,0.1882352941177047,3.20000000000098
2019-11-14 16:30:00,Initial Jobless Claims,215K vs 211K,-4.100000000000215,10.499999999999954,-16.199999999999548,-0.19411764705905032,-3.3000000000038554
2019-11-14 16:30:00,PPI (MoM)  (Oct),0.3% vs -0.3%,-4.100000000000215,10.499999999999954,-16.199999999999548,-0.19411764705905032,-3.3000000000038554
2019-11-15 16:30:00,Core Retail Sales (MoM)  (Oct),0.4% vs -0.1%,27.200000000000557,28.099999999999792,-5.699999999999594,1.6058823529412478,27.300000000001212
2019-11-15 16:30:00,Retail Sales (MoM)  (Oct),0.2% vs -0.3%,27.200000000000557,28.099999999999792,-5.699999999999594,1.6058823529412478,27.300000000001212
2019-11-21 16:30:00,Initial Jobless Claims,219K vs 227K,8.300000000001084,24.600000000001288,-1.7000000000000348,0.5058823529412252,8.60000000000083
2019-11-27 16:30:00,GDP (QoQ)  (Q3),1.9% vs 1.9%,-23.899999999998922,5.20000000000076,-27.199999999998337,-1.376470588235038,-23.399999999995647
2019-11-27 16:30:00,Initial Jobless Claims,223K vs 228K,-23.899999999998922,5.20000000000076,-27.199999999998337,-1.376470588235038,-23.399999999995647
2019-11-27 18:00:00,Core PCE Price Index (YoY)  (Oct),1.7% vs 1.7%,-18.000000000000238,5.20000000000076,-27.199999999998337,-0.9315789473682132,-17.699999999996052
2019-11-27 18:00:00,Core PCE Price Index (MoM)  (Oct),0.2% vs 0.0%,-18.000000000000238,5.20000000000076,-27.199999999998337,-0.9315789473682132,-17.699999999996052
2019-12-02 18:00:00,ISM Manufacturing PMI  (Nov),49.2 vs 48.3,52.90000000000017,67.80000000000008,-20.000000000000018,2.763157894737181,52.50000000000643
2019-12-04 16:15:00,ADP Nonfarm Employment Change  (Nov),140K vs 121K,19.000000000000128,28.099999999999792,-14.300000000000423,0.9764705882354217,16.60000000000217
2019-12-04 18:00:00,ISM Non-Manufacturing PMI  (Nov),54.5 vs 54.7,-5.60000000000116,35.199999999999676,-14.300000000000423,-0.41578947368412966,-7.899999999998464
2019-12-05 16:30:00,Initial Jobless Claims,215K vs 213K,22.800000000000598,27.200000000000557,0.0,1.3470588235292245,22.899999999996812
2019-12-06 16:30:00,Nonfarm Payrolls  (Nov),186K vs 156K,-47.50000000000032,5.5000000000005045,-47.50000000000032,-2.8176470588234412,-47.8999999999985
2019-12-06 16:30:00,Unemployment Rate  (Nov),3.6% vs 3.6%,-47.50000000000032,5.5000000000005045,-47.50000000000032,-2.8176470588234412,-47.8999999999985
2019-12-11 16:30:00,Core CPI (MoM)  (Nov),0.2% vs 0.2%,-0.5999999999994898,6.099999999999994,-21.299999999999653,-0.06470588235297323,-1.100000000000545
2019-12-11 16:30:00,CPI (YoY)  (Nov),2.0% vs 1.8%,-0.5999999999994898,6.099999999999994,-21.299999999999653,-0.06470588235297323,-1.100000000000545
2019-12-11 16:30:00,CPI (MoM)  (Nov),0.2% vs 0.4%,-0.5999999999994898,6.099999999999994,-21.299999999999653,-0.06470588235297323,-1.100000000000545
2019-12-12 16:30:00,Initial Jobless Claims,213K vs 203K,-4.60000000000127,24.699999999999722,-8.799999999999919,-0.30588235294135174,-5.20000000000298
2019-12-12 16:30:00,PPI (MoM)  (Nov),0.2% vs 0.4%,-4.60000000000127,24.699999999999722,-8.799999999999919,-0.30588235294135174,-5.20000000000298
2019-12-13 16:30:00,Core Retail Sales (MoM)  (Nov),0.4% vs 0.3%,24.200000000000887,71.00000000000107,-25.299999999999212,1.399999999999898,23.799999999998267
2019-12-13 16:30:00,Retail Sales (MoM)  (Nov),0.5% vs 0.4%,24.200000000000887,71.00000000000107,-25.299999999999212,1.399999999999898,23.799999999998267
2019-12-17 18:00:00,JOLTS Job Openings  (Oct),7.018M vs 7.032M,4.199999999998649,31.29999999999855,-14.000000000000679,0.23157894736841894,4.3999999999999595
2019-12-19 16:30:00,Initial Jobless Claims,225K vs 252K,9.600000000000719,31.600000000000517,-2.6999999999999247,0.5823529411766285,9.900000000002684
2019-12-20 16:30:00,GDP (QoQ)  (Q3),2.1% vs 2.1%,-36.099999999998914,5.399999999999849,-37.69999999999829,-2.099999999999912,-35.69999999999851
2019-12-20 18:00:00,Core PCE Price Index (YoY)  (Nov),1.6% vs 1.7%,-43.89999999999894,5.399999999999849,-46.19999999999847,-2.2947368421051038,-43.599999999996975
2019-12-20 18:00:00,Core PCE Price Index (MoM)  (Nov),0.1% vs 0.1%,-43.89999999999894,5.399999999999849,-46.19999999999847,-2.2947368421051038,-43.599999999996975
2019-12-26 16:30:00,Initial Jobless Claims,224K vs 235K,2.4000000000001798,11.500000000002064,-6.399999999999739,0.11764705882325524,1.9999999999953388
